flags_hex	registry_hash_hex	object_hash_hex	upper_hex	token_hex	registry	aux_flag	slot	flavour	known_fields_exact_match	hits
0x03	0x0000000000000000	0x0000000000000000	0x00000000	0x0000000000020001	0	1	0	0	True	1
0x03	0x0000000000000001	0x0000000000000000	0x00000000	0x0000000000020003	1	1	0	0	True	1
0x01	0x4EC230253427B2B0	0x03A0D60B92CDDC1C	0x00000000	0x000000001D6001DD	238	0	1880	0	True	1
0x01	0x4EC230253427B2B0	0x04397443BC53C1CF	0x00000000	0x000000001E2801DD	238	0	1930	0	True	1
0x01	0x4EC230253427B2B0	0x05948C6947BA640E	0x00000000	0x00000000191801DD	238	0	1606	0	True	1
0x01	0x4EC230253427B2B0	0x05F0CE69A9099EE6	0x00000000	0x0000000014F801DD	238	0	1342	0	True	1
0x01	0x4EC230253427B2B0	0x0610BA336FB99B8F	0x00000000	0x000000000F3401DD	238	0	973	0	True	1
0x01	0x4EC230253427B2B0	0x0740BA1F1E543B26	0x00000000	0x00000001150001DD	238	0	17728	0	True	1
0x01	0x4EC230253427B2B0	0x082C85B246FF8477	0x00000000	0x0000000018AC01DD	238	0	1579	0	True	1
0x01	0x4EC230253427B2B0	0x093876AEB98B3970	0x00000000	0x000000001AE801DD	238	0	1722	0	True	1
0x01	0x4EC230253427B2B0	0x0A16D56701A53AAE	0x00000000	0x00000000185C01DD	238	0	1559	0	True	1
0x01	0x4EC230253427B2B0	0x0B7997AB600436BC	0x00000000	0x000000000F8C01DD	238	0	995	0	True	1
0x01	0x4EC230253427B2B0	0x0C0847C2A5DF65C9	0x00000000	0x00000000198001DD	238	0	1632	0	True	1
0x01	0x4EC230253427B2B0	0x0D713915FF65483F	0x00000000	0x000000001BDC01DD	238	0	1783	0	True	1
0x01	0x4EC230253427B2B0	0x0E3DEBB61CD65B68	0x00000000	0x00000000083C01DD	238	0	527	0	True	1
0x01	0x4EC230253427B2B0	0x0FEC73F78E1141D8	0x00000000	0x000000001DB401DD	238	0	1901	0	True	1
0x01	0x4EC230253427B2B0	0x111A899FE5F0F3D6	0x00000000	0x000000001C8001DD	238	0	1824	0	True	1
0x01	0x4EC230253427B2B0	0x12AAD76092E2B1AA	0x00000000	0x00000000194801DD	238	0	1618	0	True	1
0x01	0x4EC230253427B2B0	0x12F60A512B532CC6	0x00000000	0x00000001212401DD	238	0	18505	0	True	1
0x01	0x4EC230253427B2B0	0x13C68C44DDE04AE2	0x00000000	0x000000000EBC01DD	238	0	943	0	True	1
0x01	0x4EC230253427B2B0	0x149DA9A1C348620B	0x00000000	0x000000001DCC01DD	238	0	1907	0	True	1
0x01	0x4EC230253427B2B0	0x163321CCEA655186	0x00000000	0x00000000178001DD	238	0	1504	0	True	1
0x01	0x4EC230253427B2B0	0x165CD520758061E5	0x00000000	0x000000001C1001DD	238	0	1796	0	True	3
0x01	0x4EC230253427B2B0	0x1CF4060A1E50F0E8	0x00000000	0x000000001E1C01DD	238	0	1927	0	True	1
0x01	0x4EC230253427B2B0	0x1F14FFB60FC844F9	0x00000000	0x000000001F5001DD	238	0	2004	0	True	1
0x01	0x4EC230253427B2B0	0x1FA3467B3875B348	0x00000000	0x00000000197001DD	238	0	1628	0	True	1
0x01	0x4EC230253427B2B0	0x220DB8DE4863C64F	0x00000000	0x000000001A8C01DD	238	0	1699	0	True	1
0x01	0x4EC230253427B2B0	0x2359C71961C4BF9C	0x00000000	0x00000001209C01DD	238	0	18471	0	True	1
0x01	0x4EC230253427B2B0	0x24E46347632096AB	0x00000000	0x000000001BC001DD	238	0	1776	0	True	1
0x01	0x4EC230253427B2B0	0x25505E78C48EE7A7	0x00000000	0x00000000109801DD	238	0	1062	0	True	1
0x01	0x4EC230253427B2B0	0x29399DB05202C111	0x00000000	0x0000000019C001DD	238	0	1648	0	True	1
0x01	0x4EC230253427B2B0	0x2ACB070604B2DA31	0x00000000	0x00000000147C01DD	238	0	1311	0	True	1
0x01	0x4EC230253427B2B0	0x2B006E55F4D60531	0x00000000	0x00000000115001DD	238	0	1108	0	True	1
0x01	0x4EC230253427B2B0	0x2E125FE46663E574	0x00000000	0x000000001F2C01DD	238	0	1995	0	True	1
0x01	0x4EC230253427B2B0	0x2E30B5A6E54FF05F	0x00000000	0x00000000148C01DD	238	0	1315	0	True	1
0x01	0x4EC230253427B2B0	0x305DEB3FF0BB059B	0x00000000	0x000000001F0801DD	238	0	1986	0	True	1
0x01	0x4EC230253427B2B0	0x307B3FF4B3B806B2	0x00000000	0x0000000014F001DD	238	0	1340	0	True	1
0x01	0x4EC230253427B2B0	0x32008298809603FF	0x00000000	0x0000000007B001DD	238	0	492	0	True	1
0x01	0x4EC230253427B2B0	0x36D635C0233DA979	0x00000000	0x0000000120CC01DD	238	0	18483	0	True	1
0x01	0x4EC230253427B2B0	0x38738AFCFC73D5C9	0x00000000	0x00000000199001DD	238	0	1636	0	True	1
0x01	0x4EC230253427B2B0	0x38A57ADFD64E2FB9	0x00000000	0x0000000017E001DD	238	0	1528	0	True	1
0x01	0x4EC230253427B2B0	0x38BFD90F2DA6A0B8	0x00000000	0x0000000016BC01DD	238	0	1455	0	True	1
0x01	0x4EC230253427B2B0	0x3A89DD97AC8D09A0	0x00000000	0x0000000017D001DD	238	0	1524	0	True	1
0x01	0x4EC230253427B2B0	0x3B1D6CFA4F02DC57	0x00000000	0x000000001C8C01DD	238	0	1827	0	True	1
0x01	0x4EC230253427B2B0	0x3B70F924481717D4	0x00000000	0x00000000190C01DD	238	0	1603	0	True	1
0x01	0x4EC230253427B2B0	0x3DF3B2B2D4C0F1D1	0x00000000	0x00000000186801DD	238	0	1562	0	True	1
0x01	0x4EC230253427B2B0	0x3F0C41710F5BADCF	0x00000000	0x00000000166401DD	238	0	1433	0	True	1
0x01	0x4EC230253427B2B0	0x3FF549C5D987B023	0x00000000	0x000000001F3801DD	238	0	1998	0	True	1
0x01	0x4EC230253427B2B0	0x400268A5AE723395	0x00000000	0x00000000079801DD	238	0	486	0	True	1
0x01	0x4EC230253427B2B0	0x413DF965CB5E088E	0x00000000	0x000000001C4001DD	238	0	1808	0	True	1
0x01	0x4EC230253427B2B0	0x417692EEA921060B	0x00000000	0x00000000176001DD	238	0	1496	0	True	1
0x01	0x4EC230253427B2B0	0x47002AAA8EF3C81A	0x00000000	0x000000001C0001DD	238	0	1792	0	True	1
0x01	0x4EC230253427B2B0	0x481122D8778C72A3	0x00000000	0x000000000A2001DD	238	0	648	0	True	1
0x01	0x4EC230253427B2B0	0x484E70586DE1A92D	0x00000000	0x0000000018BC01DD	238	0	1583	0	True	1
0x01	0x4EC230253427B2B0	0x48936A538007C94E	0x00000000	0x0000000018D401DD	238	0	1589	0	True	1
0x01	0x4EC230253427B2B0	0x48F08BEFDD9B8100	0x00000000	0x00000000193C01DD	238	0	1615	0	True	1
0x01	0x4EC230253427B2B0	0x4A99E48B661DC074	0x00000000	0x0000000008B401DD	238	0	557	0	True	1
0x01	0x4EC230253427B2B0	0x4B19129B2DDADBA5	0x00000000	0x000000000D2801DD	238	0	842	0	True	1
0x01	0x4EC230253427B2B0	0x4B5044221057B134	0x00000000	0x00000000124C01DD	238	0	1171	0	True	1
0x01	0x4EC230253427B2B0	0x4F456D98745B44E7	0x00000000	0x000000001B7C01DD	238	0	1759	0	True	1
0x01	0x4EC230253427B2B0	0x50220C4336D858FB	0x00000000	0x00000000077401DD	238	0	477	0	True	1
0x01	0x4EC230253427B2B0	0x5201E18B4324B61A	0x00000000	0x00000000146001DD	238	0	1304	0	True	1
0x01	0x4EC230253427B2B0	0x54AB49B492E53E6C	0x00000000	0x00000000098C01DD	238	0	611	0	True	1
0x01	0x4EC230253427B2B0	0x55461C7E08BCE85A	0x00000000	0x000000001D6C01DD	238	0	1883	0	True	1
0x01	0x4EC230253427B2B0	0x56F6A47786B9F7C4	0x00000000	0x00000001149C01DD	238	0	17703	0	True	1
0x01	0x4EC230253427B2B0	0x594F9354F185DBA7	0x00000000	0x000000001BE801DD	238	0	1786	0	True	1
0x01	0x4EC230253427B2B0	0x5B20DA4398DC5EB5	0x00000000	0x000000000C0C01DD	238	0	771	0	True	1
0x01	0x4EC230253427B2B0	0x6016C410AD6FCBC6	0x00000000	0x00000000095001DD	238	0	596	0	True	1
0x01	0x4EC230253427B2B0	0x633E8715C0603593	0x00000000	0x00000001146C01DD	238	0	17691	0	True	1
0x01	0x4EC230253427B2B0	0x6592C694A2ABA962	0x00000000	0x0000000014D801DD	238	0	1334	0	True	1
0x01	0x4EC230253427B2B0	0x6720F818E73C9C6D	0x00000000	0x00000000189C01DD	238	0	1575	0	True	1
0x01	0x4EC230253427B2B0	0x677FC5C3509F2392	0x00000000	0x000000001E3401DD	238	0	1933	0	True	1
0x01	0x4EC230253427B2B0	0x694F012A3C24E41F	0x00000000	0x000000000EDC01DD	238	0	951	0	True	1
0x01	0x4EC230253427B2B0	0x6A6A6E0882CBD6CC	0x00000000	0x00000000142001DD	238	0	1288	0	True	1
0x01	0x4EC230253427B2B0	0x6C2606E363ED46CF	0x00000000	0x00000000190001DD	238	0	1600	0	True	1
0x01	0x4EC230253427B2B0	0x6C8F45FA15AB6B9E	0x00000000	0x00000000142C01DD	238	0	1291	0	True	1
0x01	0x4EC230253427B2B0	0x6E602D3D952BD486	0x00000000	0x000000001D3001DD	238	0	1868	0	True	1
0x01	0x4EC230253427B2B0	0x6F3112F494933F49	0x00000000	0x00000000143C01DD	238	0	1295	0	True	1
0x01	0x4EC230253427B2B0	0x7078175C8EDAE9AD	0x00000000	0x0000000011A401DD	238	0	1129	0	True	1
0x01	0x4EC230253427B2B0	0x718BC30F682BC70F	0x00000000	0x00000000195401DD	238	0	1621	0	True	1
0x01	0x4EC230253427B2B0	0x74663AD5A0A0770A	0x00000000	0x00000000136401DD	238	0	1241	0	True	1
0x01	0x4EC230253427B2B0	0x773F4962E0658175	0x00000000	0x000000001A3801DD	238	0	1678	0	True	1
0x01	0x4EC230253427B2B0	0x77B2F4F7E5966C1C	0x00000000	0x0000000114A401DD	238	0	17705	0	True	1
0x01	0x4EC230253427B2B0	0x77F03E19D3EF3F4A	0x00000000	0x000000001E4001DD	238	0	1936	0	True	1
0x01	0x4EC230253427B2B0	0x78861FB91CDFBDD6	0x00000000	0x000000000A7801DD	238	0	670	0	True	1
0x01	0x4EC230253427B2B0	0x7CBB3281E079C0F5	0x00000000	0x000000001E4C01DD	238	0	1939	0	True	1
0x01	0x4EC230253427B2B0	0x7D925C540C94EEF0	0x00000000	0x00000000094401DD	238	0	593	0	True	1
0x01	0x4EC230253427B2B0	0x7EF13D51F81B98A3	0x00000000	0x0000000010B801DD	238	0	1070	0	True	1
0x01	0x4EC230253427B2B0	0x828F0A7072B30C46	0x00000000	0x0000000018E001DD	238	0	1592	0	True	1
0x01	0x4EC230253427B2B0	0x842D217D1C52B5D2	0x00000000	0x0000000010D801DD	238	0	1078	0	True	1
0x01	0x4EC230253427B2B0	0x85EA6DA75B3F81D1	0x00000000	0x000000000DA001DD	238	0	872	0	True	1
0x01	0x4EC230253427B2B0	0x877A6993FC16228D	0x00000000	0x000000001F2001DD	238	0	1992	0	True	1
0x01	0x4EC230253427B2B0	0x88455100D8B8A1B8	0x00000000	0x000000001D9C01DD	238	0	1895	0	True	1
0x01	0x4EC230253427B2B0	0x891742EA1A94E116	0x00000000	0x00000001153401DD	238	0	17741	0	True	1
0x01	0x4EC230253427B2B0	0x8B05FCF0578F1F11	0x00000000	0x0000000017EC01DD	238	0	1531	0	True	1
0x01	0x4EC230253427B2B0	0x8D358B3F463C8D2A	0x00000000	0x00000000159C01DD	238	0	1383	0	True	1
0x01	0x4EC230253427B2B0	0x8E655B3EF42A6DB3	0x00000000	0x000000001CE001DD	238	0	1848	0	True	1
0x01	0x4EC230253427B2B0	0x8F5CC6BAA3819876	0x00000000	0x00000001147801DD	238	0	17694	0	True	1
0x01	0x4EC230253427B2B0	0x91C08A9620E964E6	0x00000000	0x000000001C0801DD	238	0	1794	0	True	1
0x01	0x4EC230253427B2B0	0x92CE16F48F5E3635	0x00000000	0x00000000147001DD	238	0	1308	0	True	1
0x01	0x4EC230253427B2B0	0x98BE1707BA2D65A9	0x00000000	0x000000001BB001DD	238	0	1772	0	True	3
0x01	0x4EC230253427B2B0	0x9954EA5F8C09EE18	0x00000000	0x000000001C9801DD	238	0	1830	0	True	1
0x01	0x4EC230253427B2B0	0x9A2BCF4F6F46AC7F	0x00000000	0x000000000B9401DD	238	0	741	0	True	1
0x01	0x4EC230253427B2B0	0xA10BC30DB5F469CD	0x00000000	0x000000001D5401DD	238	0	1877	0	True	1
0x01	0x4EC230253427B2B0	0xA18C02DE712C5D92	0x00000000	0x0000000114DC01DD	238	0	17719	0	True	1
0x01	0x4EC230253427B2B0	0xA2375C895E5AA4E8	0x00000000	0x00000000109001DD	238	0	1060	0	True	1
0x01	0x4EC230253427B2B0	0xA245A8494E0813D3	0x00000000	0x0000000114D001DD	238	0	17716	0	True	1
0x01	0x4EC230253427B2B0	0xA2AACCF90D56A095	0x00000000	0x000000001CEC01DD	238	0	1851	0	True	1
0x01	0x4EC230253427B2B0	0xA5999C7D5EBADF51	0x00000000	0x00000000133C01DD	238	0	1231	0	True	1
0x01	0x4EC230253427B2B0	0xA5B15223B21BDA33	0x00000000	0x00000000176C01DD	238	0	1499	0	True	1
0x01	0x4EC230253427B2B0	0xA76E12290F04E378	0x00000000	0x000000000CBC01DD	238	0	815	0	True	1
0x01	0x4EC230253427B2B0	0xA8B70C5C83EEE265	0x00000000	0x000000001C1801DD	238	0	1798	0	True	1
0x01	0x4EC230253427B2B0	0xA8D45667403C816F	0x00000000	0x0000000011FC01DD	238	0	1151	0	True	1
0x01	0x4EC230253427B2B0	0xAC0322B6A939073A	0x00000000	0x000000001DD801DD	238	0	1910	0	True	1
0x01	0x4EC230253427B2B0	0xACC45FFBBD12B7B8	0x00000000	0x000000001CB801DD	238	0	1838	0	True	1
0x01	0x4EC230253427B2B0	0xADB72E5C5003A8A0	0x00000000	0x000000001C4801DD	238	0	1810	0	True	3
0x01	0x4EC230253427B2B0	0xAE230A890973C536	0x00000000	0x00000000154801DD	238	0	1362	0	True	1
0x01	0x4EC230253427B2B0	0xAE772EE5E73EEF67	0x00000000	0x00000000096401DD	238	0	601	0	True	1
0x01	0x4EC230253427B2B0	0xB141C421DD19C36C	0x00000000	0x000000001F1401DD	238	0	1989	0	True	1
0x01	0x4EC230253427B2B0	0xB45791FE65A5FDB3	0x00000000	0x000000001F4401DD	238	0	2001	0	True	1
0x01	0x4EC230253427B2B0	0xB581E3C335739D54	0x00000000	0x000000001BB801DD	238	0	1774	0	True	1
0x01	0x4EC230253427B2B0	0xB6880C9D52EF641A	0x00000000	0x000000000A0001DD	238	0	640	0	True	1
0x01	0x4EC230253427B2B0	0xB71FFF4BEF94D781	0x00000000	0x00000000149801DD	238	0	1318	0	True	1
0x01	0x4EC230253427B2B0	0xB7499D950B1ACB63	0x00000000	0x000000000D4801DD	238	0	850	0	True	1
0x01	0x4EC230253427B2B0	0xB7CD8E17E5A0A484	0x00000000	0x0000000017B001DD	238	0	1516	0	True	1
0x01	0x4EC230253427B2B0	0xB98105BF33B37160	0x00000000	0x000000001BD001DD	238	0	1780	0	True	1
0x01	0x4EC230253427B2B0	0xBC3EA2D317CC0A60	0x00000000	0x00000000184C01DD	238	0	1555	0	True	1
0x01	0x4EC230253427B2B0	0xBD69A545040E40EF	0x00000000	0x00000001143801DD	238	0	17678	0	True	1
0x01	0x4EC230253427B2B0	0xBEAE91D493CFFA8B	0x00000000	0x0000000017A001DD	238	0	1512	0	True	1
0x01	0x4EC230253427B2B0	0xBF2B900CFB7B74A4	0x00000000	0x000000001D1401DD	238	0	1861	0	True	1
0x01	0x4EC230253427B2B0	0xBF63EEAA78B569D1	0x00000000	0x000000000E5001DD	238	0	916	0	True	1
0x01	0x4EC230253427B2B0	0xC007CAD5DEDD9761	0x00000000	0x00000001215001DD	238	0	18516	0	True	1
0x01	0x4EC230253427B2B0	0xC0FF99FB89416EC1	0x00000000	0x00000000171401DD	238	0	1477	0	True	2
0x01	0x4EC230253427B2B0	0xC43C992B81FB22BE	0x00000000	0x000000001DA801DD	238	0	1898	0	True	1
0x01	0x4EC230253427B2B0	0xC4EB9A02B2838DB6	0x00000000	0x00000000192401DD	238	0	1609	0	True	1
0x01	0x4EC230253427B2B0	0xC587F94DE0C3B13A	0x00000000	0x00000000138C01DD	238	0	1251	0	True	1
0x01	0x4EC230253427B2B0	0xC8826B9EC7A04334	0x00000000	0x00000000182C01DD	238	0	1547	0	True	1
0x01	0x4EC230253427B2B0	0xC99AC2FBEEF2D62A	0x00000000	0x000000001CD401DD	238	0	1845	0	True	1
0x01	0x4EC230253427B2B0	0xCB98FC6481E64D78	0x00000000	0x00000000179001DD	238	0	1508	0	True	1
0x01	0x4EC230253427B2B0	0xCEA8EFEF11B1C34A	0x00000000	0x000000001CF801DD	238	0	1854	0	True	1
0x01	0x4EC230253427B2B0	0xD0FF49D6DFE5917B	0x00000000	0x000000001DE401DD	238	0	1913	0	True	1
0x01	0x4EC230253427B2B0	0xD180369266257D6A	0x00000000	0x0000000015E001DD	238	0	1400	0	True	1
0x01	0x4EC230253427B2B0	0xD43ED34D49826145	0x00000000	0x000000001CC401DD	238	0	1841	0	True	1
0x01	0x4EC230253427B2B0	0xD6B34EF02DF380AF	0x00000000	0x000000001B0801DD	238	0	1730	0	True	1
0x01	0x4EC230253427B2B0	0xD752DC387696647A	0x00000000	0x00000000160C01DD	238	0	1411	0	True	1
0x01	0x4EC230253427B2B0	0xDBB88C43A64B2F0C	0x00000000	0x0000000017C001DD	238	0	1520	0	True	1
0x01	0x4EC230253427B2B0	0xDE0C63CD975285A2	0x00000000	0x000000000C6401DD	238	0	793	0	True	1
0x01	0x4EC230253427B2B0	0xE097AD5E92D54F92	0x00000000	0x0000000018C801DD	238	0	1586	0	True	1
0x01	0x4EC230253427B2B0	0xE1D863C33357898E	0x00000000	0x000000011BC401DD	238	0	18161	0	True	1
0x01	0x4EC230253427B2B0	0xE4596A539CD80CB3	0x00000000	0x00000000093C01DD	238	0	591	0	True	1
0x01	0x4EC230253427B2B0	0xE4961FB8DBD27E26	0x00000000	0x00000001150801DD	238	0	17730	0	True	1
0x01	0x4EC230253427B2B0	0xE5ACD58E0A1B5BC2	0x00000000	0x000000001BF401DD	238	0	1789	0	True	1
0x01	0x4EC230253427B2B0	0xE87B5E62A58B378B	0x00000000	0x00000000115C01DD	238	0	1111	0	True	1
0x01	0x4EC230253427B2B0	0xE9684774476B7B1A	0x00000000	0x000000000B2801DD	238	0	714	0	True	1
0x01	0x4EC230253427B2B0	0xE9AB571CCA48C48D	0x00000000	0x000000000AD001DD	238	0	692	0	True	1
0x01	0x4EC230253427B2B0	0xEA85B80B2B9541E9	0x00000000	0x000000001D0401DD	238	0	1857	0	True	1
0x01	0x4EC230253427B2B0	0xEA8D1FC90C8D6E42	0x00000000	0x00000001154001DD	238	0	17744	0	True	1
0x01	0x4EC230253427B2B0	0xEBA1E212719E9505	0x00000000	0x00000001144001DD	238	0	17680	0	True	1
0x01	0x4EC230253427B2B0	0xEBC5BA6C3B05E105	0x00000000	0x00000000082801DD	238	0	522	0	True	1
0x01	0x4EC230253427B2B0	0xEBCEA70EC080B6F5	0x00000000	0x000000001CA801DD	238	0	1834	0	True	1
0x01	0x4EC230253427B2B0	0xEBE5B4EB097B914E	0x00000000	0x000000001C5001DD	238	0	1812	0	True	1
0x01	0x4EC230253427B2B0	0xEC5DEC571DB84841	0x00000000	0x00000000116C01DD	238	0	1115	0	True	1
0x01	0x4EC230253427B2B0	0xED7A66A5DD0A08CE	0x00000000	0x0000000014E401DD	238	0	1337	0	True	1
0x01	0x4EC230253427B2B0	0xED94CAFF591E5D32	0x00000000	0x000000000FE401DD	238	0	1017	0	True	1
0x01	0x4EC230253427B2B0	0xEFA2F5E2EFBF7B11	0x00000000	0x00000000187401DD	238	0	1565	0	True	1
0x01	0x4EC230253427B2B0	0xF162FC9C2635AD34	0x00000000	0x00000000095801DD	238	0	598	0	True	1
0x01	0x4EC230253427B2B0	0xF1F73FDBB6B60F3D	0x00000000	0x000000000DF801DD	238	0	894	0	True	1
0x01	0x4EC230253427B2B0	0xF3705CC28F7B0FB8	0x00000000	0x00000000124001DD	238	0	1168	0	True	1
0x01	0x4EC230253427B2B0	0xF478B57BA1194959	0x00000000	0x000000001D4801DD	238	0	1874	0	True	1
0x01	0x4EC230253427B2B0	0xF49552F005A41572	0x00000000	0x000000001D3C01DD	238	0	1871	0	True	1
0x01	0x4EC230253427B2B0	0xF4CC855FBC6BB460	0x00000000	0x000000001DF001DD	238	0	1916	0	True	1
0x01	0x4EC230253427B2B0	0xF78284E271B73DA4	0x00000000	0x00000000193001DD	238	0	1612	0	True	1
0x01	0x4EC230253427B2B0	0xF99036D21E9E96A4	0x00000000	0x0000000015E801DD	238	0	1402	0	True	2
0x01	0x4EC230253427B2B0	0xFB7C418517EBF5E4	0x00000000	0x000000001DC001DD	238	0	1904	0	True	1
0x01	0x4EC230253427B2B0	0xFB831EFF2692EA72	0x00000000	0x0000000019E801DD	238	0	1658	0	True	1
0x01	0x4EC230253427B2B0	0xFB98A22B1F02CBEF	0x00000000	0x00000000075C01DD	238	0	471	0	True	2
0x01	0x4EC230253427B2B0	0xFC3F1FC2518747CD	0x00000000	0x00000000145401DD	238	0	1301	0	True	1
0x01	0x4EC230253427B2B0	0xFE8CCD6CB325A5B6	0x00000000	0x0000000017FC01DD	238	0	1535	0	True	1
0x01	0x4EC230253427B2B0	0xFF579A3FB47CE292	0x00000000	0x000000000BB401DD	238	0	749	0	True	1
0x01	0x7E70D534C7B07AA1	0x008CF4C761CE8CBC	0x00000000	0x00000000100801E3	241	0	1026	0	True	2
0x01	0x7E70D534C7B07AA1	0x00BEBC407E38F90C	0x00000000	0x000000000C5C01E3	241	0	791	0	True	2
0x01	0x7E70D534C7B07AA1	0x027D81A93D1C7A77	0x00000000	0x000000000D0001E3	241	0	832	0	True	2
0x01	0x7E70D534C7B07AA1	0x0AE70C27DCAB5994	0x00000000	0x000000000DFC01E3	241	0	895	0	True	4
0x01	0x7E70D534C7B07AA1	0x11BE1FE022038C7F	0x00000000	0x000000000C7401E3	241	0	797	0	True	2
0x01	0x7E70D534C7B07AA1	0x1B038A785C35BD20	0x00000000	0x000000000E7001E3	241	0	924	0	True	2
0x01	0x7E70D534C7B07AA1	0x20AE2C7123C9DB2E	0x00000000	0x00000000069801E3	241	0	422	0	True	2
0x01	0x7E70D534C7B07AA1	0x2431A9277F4357C9	0x00000000	0x00000000057C01E3	241	0	351	0	True	2
0x01	0x7E70D534C7B07AA1	0x274F40884C22F0D0	0x00000000	0x000000000CAC01E3	241	0	811	0	True	2
0x01	0x7E70D534C7B07AA1	0x3BDD3B723F755C7E	0x00000000	0x00000000065401E3	241	0	405	0	True	2
0x01	0x7E70D534C7B07AA1	0x4915B5D05BF6B558	0x00000000	0x00000000080001E3	241	0	512	0	True	1
0x01	0x7E70D534C7B07AA1	0x4D2FFDEB5200FA8A	0x00000000	0x00000000101801E3	241	0	1030	0	True	1
0x01	0x7E70D534C7B07AA1	0x4E10BDF0A269B708	0x00000000	0x000000000FD801E3	241	0	1014	0	True	2
0x01	0x7E70D534C7B07AA1	0x5195C06DE1AD3E04	0x00000000	0x000000000EB401E3	241	0	941	0	True	2
0x01	0x7E70D534C7B07AA1	0x5AC83E8F74E8B405	0x00000000	0x000000000E8001E3	241	0	928	0	True	2
0x01	0x7E70D534C7B07AA1	0x62635C02BC58D3DC	0x00000000	0x000000000EC001E3	241	0	944	0	True	2
0x01	0x7E70D534C7B07AA1	0x6369F356ED2FD792	0x00000000	0x000000000D7C01E3	241	0	863	0	True	2
0x01	0x7E70D534C7B07AA1	0x67604A1A836FA20C	0x00000000	0x0000000010A801E3	241	0	1066	0	True	2
0x01	0x7E70D534C7B07AA1	0x67749D9A479894A2	0x00000000	0x00000000109C01E3	241	0	1063	0	True	2
0x01	0x7E70D534C7B07AA1	0x680DB580DFD2BDAF	0x00000000	0x00000000060801E3	241	0	386	0	True	2
0x01	0x7E70D534C7B07AA1	0x687F5C8BAD4208B2	0x00000000	0x000000000E9C01E3	241	0	935	0	True	2
0x01	0x7E70D534C7B07AA1	0x70F80DF2AC358920	0x00000000	0x000000000FBC01E3	241	0	1007	0	True	2
0x01	0x7E70D534C7B07AA1	0x70FBEDB718CE85DC	0x00000000	0x00000000061001E3	241	0	388	0	True	2
0x01	0x7E70D534C7B07AA1	0x71E2E1A1BD815C76	0x00000000	0x000000000EF401E3	241	0	957	0	True	2
0x01	0x7E70D534C7B07AA1	0x720946CB10E47258	0x00000000	0x000000000C5401E3	241	0	789	0	True	2
0x01	0x7E70D534C7B07AA1	0x748BE60F37BAB846	0x00000000	0x000000000DC001E3	241	0	880	0	True	2
0x01	0x7E70D534C7B07AA1	0x7CCF4D87BBA099C8	0x00000000	0x000000000ECC01E3	241	0	947	0	True	2
0x01	0x7E70D534C7B07AA1	0x8357223520F42DCD	0x00000000	0x000000000C6801E3	241	0	794	0	True	2
0x01	0x7E70D534C7B07AA1	0x85B4880B0DD18C69	0x00000000	0x000000000FC801E3	241	0	1010	0	True	2
0x01	0x7E70D534C7B07AA1	0x871207285A0A5787	0x00000000	0x00000000109001E3	241	0	1060	0	True	2
0x01	0x7E70D534C7B07AA1	0x881AD327CEA7DFAF	0x00000000	0x000000000CB401E3	241	0	813	0	True	2
0x01	0x7E70D534C7B07AA1	0x8939B03AC85C0FF1	0x00000000	0x000000000CC001E3	241	0	816	0	True	2
0x01	0x7E70D534C7B07AA1	0x938EB595E4B147AF	0x00000000	0x000000000CC801E3	241	0	818	0	True	2
0x01	0x7E70D534C7B07AA1	0x98CCBEB3E63209C7	0x00000000	0x0000000010C401E3	241	0	1073	0	True	2
0x01	0x7E70D534C7B07AA1	0x9B60A79EC6F47B38	0x00000000	0x000000000ED801E3	241	0	950	0	True	2
0x01	0x7E70D534C7B07AA1	0x9E7CA66F1C72CD8C	0x00000000	0x0000000010D401E3	241	0	1077	0	True	2
0x01	0x7E70D534C7B07AA1	0xA5FD232732BAE762	0x00000000	0x000000000E2C01E3	241	0	907	0	True	2
0x01	0x7E70D534C7B07AA1	0xAAA9E611A55B5028	0x00000000	0x00000000106C01E3	241	0	1051	0	True	2
0x01	0x7E70D534C7B07AA1	0xAC9020AB8143D7F3	0x00000000	0x00000000106001E3	241	0	1048	0	True	2
0x01	0x7E70D534C7B07AA1	0xB3E7307C5FB980AC	0x00000000	0x000000000C7C01E3	241	0	799	0	True	2
0x01	0x7E70D534C7B07AA1	0xB49D5E093E2EB766	0x00000000	0x000000000FB001E3	241	0	1004	0	True	2
0x01	0x7E70D534C7B07AA1	0xB4F1793E65D76081	0x00000000	0x00000000107801E3	241	0	1054	0	True	2
0x01	0x7E70D534C7B07AA1	0xB71A446517F3D8D3	0x00000000	0x000000000E5401E3	241	0	917	0	True	2
0x01	0x7E70D534C7B07AA1	0xC22E4506009174CE	0x00000000	0x000000000E8C01E3	241	0	931	0	True	2
0x01	0x7E70D534C7B07AA1	0xD190D74AAB08BBCF	0x00000000	0x00000000064401E3	241	0	401	0	True	2
0x01	0x7E70D534C7B07AA1	0xD650A036B382432B	0x00000000	0x000000000DF401E3	241	0	893	0	True	2
0x01	0x7E70D534C7B07AA1	0xDB59CD223E1131A8	0x00000000	0x0000000005C801E3	241	0	370	0	True	2
0x01	0x7E70D534C7B07AA1	0xE71083769E62A6CB	0x00000000	0x00000000084C01E3	241	0	531	0	True	2
0x01	0x7E70D534C7B07AA1	0xE7FACB1D054E2346	0x00000000	0x00000000108401E3	241	0	1057	0	True	2
0x01	0x7E70D534C7B07AA1	0xEBBE0DEE83D02DAC	0x00000000	0x000000000E0401E3	241	0	897	0	True	2
0x01	0x7E70D534C7B07AA1	0xECE514B798D7B5A9	0x00000000	0x000000000FF801E3	241	0	1022	0	True	2
0x01	0x7E70D534C7B07AA1	0xF7D047AD2E8AD2CE	0x00000000	0x000000000F4401E3	241	0	977	0	True	2
0x01	0x7E70D534C7B07AA1	0xFC068F41A13745EF	0x00000000	0x00000000085C01E3	241	0	535	0	True	2
0x01	0x86C2A49A378155D0	0x00177BE67170CDB6	0x00000000	0x000000000F6401D3	233	0	985	0	True	1
0x01	0x86C2A49A378155D0	0x0D18E4D65F8389F3	0x00000000	0x00000000056801D3	233	0	346	0	True	1
0x01	0x86C2A49A378155D0	0x0F2934E1D6BFE0CC	0x00000000	0x0000000004BC01D3	233	0	303	0	True	1
0x01	0x86C2A49A378155D0	0x0FED78A7FAAC1B87	0x00000000	0x000000000F5C01D3	233	0	983	0	True	1
0x01	0x86C2A49A378155D0	0x14CB063CE39EC051	0x00000000	0x00000000036001D3	233	0	216	0	True	1
0x01	0x86C2A49A378155D0	0x2B3F69DAE2063CA2	0x00000000	0x000000000F9001D3	233	0	996	0	True	1
0x01	0x86C2A49A378155D0	0x36965025B4DABEC2	0x00000000	0x00000000047801D3	233	0	286	0	True	1
0x01	0x86C2A49A378155D0	0x491FE939189961D6	0x00000000	0x00000000052401D3	233	0	329	0	True	1
0x01	0x86C2A49A378155D0	0x5782E23DDD1B8AC6	0x00000000	0x0000000004D001D3	233	0	308	0	True	1
0x01	0x86C2A49A378155D0	0x5BA6D8521BBF17C4	0x00000000	0x00000000045001D3	233	0	276	0	True	1
0x01	0x86C2A49A378155D0	0x6072BFF67D6A09A4	0x00000000	0x0000000005F001D3	233	0	380	0	True	1
0x01	0x86C2A49A378155D0	0x635F0BF9FC54EFA3	0x00000000	0x0000000004C801D3	233	0	306	0	True	1
0x01	0x86C2A49A378155D0	0x6E2A7A8E6549DAF1	0x00000000	0x00000000059801D3	233	0	358	0	True	1
0x01	0x86C2A49A378155D0	0x73D98C280DB2D9AE	0x00000000	0x00000000056001D3	233	0	344	0	True	1
0x01	0x86C2A49A378155D0	0x7404AE1C3508AB75	0x00000000	0x0000000005C801D3	233	0	370	0	True	1
0x01	0x86C2A49A378155D0	0x791C5E996DDD90DF	0x00000000	0x000000000F9C01D3	233	0	999	0	True	1
0x01	0x86C2A49A378155D0	0x7EFB285DE4B017B4	0x00000000	0x0000000004F001D3	233	0	316	0	True	1
0x01	0x86C2A49A378155D0	0x7FC7F3F47F58D26C	0x00000000	0x00000000035401D3	233	0	213	0	True	1
0x01	0x86C2A49A378155D0	0x851BDAEB6FDF1F4D	0x00000000	0x0000000004B001D3	233	0	300	0	True	1
0x01	0x86C2A49A378155D0	0x860128D6537215D0	0x00000000	0x0000000003B401D3	233	0	237	0	True	1
0x01	0x86C2A49A378155D0	0x8BD71995CFF7039C	0x00000000	0x0000000005B801D3	233	0	366	0	True	1
0x01	0x86C2A49A378155D0	0x8FE355A551974CF0	0x00000000	0x00000000047001D3	233	0	284	0	True	1
0x01	0x86C2A49A378155D0	0x91C1376EFDD02282	0x00000000	0x00000000052C01D3	233	0	331	0	True	1
0x01	0x86C2A49A378155D0	0x950A9A9EE4E0AC77	0x00000000	0x00000000036C01D3	233	0	219	0	True	1
0x01	0x86C2A49A378155D0	0xA7F698B6FBC0DBDA	0x00000000	0x00000000034801D3	233	0	210	0	True	1
0x01	0x86C2A49A378155D0	0xB7F7729469C4FA43	0x00000000	0x00000000040C01D3	233	0	259	0	True	1
0x01	0x86C2A49A378155D0	0xB9928C479AF502E6	0x00000000	0x0000000004FC01D3	233	0	319	0	True	1
0x01	0x86C2A49A378155D0	0xBD0723AC5345DDB8	0x00000000	0x00000000055801D3	233	0	342	0	True	1
0x01	0x86C2A49A378155D0	0xD94A2C516C2DD5D1	0x00000000	0x00000000061401D3	233	0	389	0	True	1
0x01	0x86C2A49A378155D0	0xDA3C81B84E6AB878	0x00000000	0x0000000005A801D3	233	0	362	0	True	1
0x01	0x86C2A49A378155D0	0xE5BCF2E3B536E1DC	0x00000000	0x0000000005E401D3	233	0	377	0	True	1
0x01	0x86C2A49A378155D0	0xFCA4329723B67AE5	0x00000000	0x0000000005D401D3	233	0	373	0	True	1
0x01	0xE9BEF5F73D143106	0x08F079B9F6D2B4FF	0x00000000	0x00000000069000B3	89	0	420	0	True	1
0x01	0xE9BEF5F73D143106	0x6658CC5ADEB049B3	0x00000000	0x00000000069C00B3	89	0	423	0	True	1
0x01	0xE9BEF5F73D143106	0x6B2A58C3CC7D748A	0x00000000	0x00000000067800B3	89	0	414	0	True	1
0x01	0xE9BEF5F73D143106	0xBC3ED2AD74EBEC96	0x00000000	0x00000000064000B3	89	0	400	0	True	1
0x01	0xE9BEF5F73D143106	0xE7AD741E67D4460E	0x00000000	0x00000000068400B3	89	0	417	0	True	1
