"Start","End","Length"
"0","2","3"
"288","289","2"
"316","316","1"
"17758","17758","1"
"17786","17786","1"
"17792","17915","124"
"17920","17934","15"
"17936","17961","26"
"17968","18003","36"
"18008","18339","332"
"18344","18428","85"
"18430","18491","62"
"18496","18603","108"
"18608","18715","108"
"18717","18743","27"
"18745","18754","10"
"18779","18782","4"
"18795","18802","8"
"18827","18827","1"
"18831","18835","5"
"18843","18850","8"
"18875","18875","1"
"18879","18883","5"
"18923","18923","1"
"18927","18931","5"
"18971","18974","4"
"18977","18979","3"
"19019","19022","4"
"19025","19027","3"
"19067","19070","4"
"19073","19075","3"
"19115","19118","4"
"19121","19123","3"
"19163","19166","4"
"19211","19214","4"
"19259","19262","4"
"19307","19310","4"
"19355","19358","4"
"19403","19406","4"
"19451","19454","4"
"19499","19502","4"
"19547","19550","4"
"19595","19598","4"
"19643","19646","4"
"19691","19694","4"
"19739","19742","4"
"19787","19790","4"
"19835","19838","4"
"19883","19886","4"
"19931","19934","4"
"19979","19982","4"
"20027","20030","4"
"20075","20078","4"
"20123","20126","4"
"20171","20174","4"
"20219","20222","4"
"20267","20270","4"
"20315","20318","4"
"20363","20366","4"
"20411","20414","4"
"20459","20462","4"
"20507","20510","4"
"20555","20558","4"
"20603","20606","4"
"20651","20654","4"
"20699","20702","4"
"20747","20750","4"
"20795","20798","4"
"20843","20846","4"
"20891","20894","4"
"20939","20942","4"
"20987","20990","4"
"21035","21038","4"
"21083","21086","4"
"21131","21134","4"
"21179","21182","4"
"21227","21230","4"
"21275","21278","4"
"21323","21326","4"
"21371","21374","4"
"21419","21422","4"
"21467","21470","4"
"21515","21518","4"
"21563","21566","4"
"21611","21614","4"
"21659","21662","4"
"21707","21710","4"
"21755","21758","4"
"21771","21772","2"
"21775","21786","12"
"21803","21807","5"
"21809","21812","4"
"21815","21815","1"
"21817","21820","4"
"21823","21849","27"
"21855","21855","1"
"21857","21860","4"
"21863","21863","1"
"21865","21872","8"
"21875","21875","1"
"21877","21880","4"
"21883","21904","22"
"21915","21915","1"
"21917","21920","4"
"21923","21923","1"
"21925","21932","8"
"21935","21935","1"
"21937","21940","4"
"21943","21952","10"
"21955","21966","12"
"21975","21975","1"
"21977","21980","4"
"21983","21983","1"
"21985","21992","8"
"21995","21995","1"
"21997","22000","4"
"22003","22025","23"
"22035","22035","1"
"22037","22040","4"
"22043","22043","1"
"22045","22052","8"
"22055","22060","6"
"22063","22073","11"
"22075","22084","10"
"22095","22100","6"
"22103","22112","10"
"22115","22120","6"
"22123","22132","10"
"22135","22153","19"
"22155","22160","6"
"22163","22172","10"
"22175","22175","1"
"22177","22180","4"
"22183","22195","13"
"22197","22206","10"
"22215","22215","1"
"22217","22220","4"
"22223","22223","1"
"22225","22232","8"
"22235","22235","1"
"22237","22240","4"
"22243","22255","13"
"22257","22257","1"
"22259","22259","1"
"22261","22261","1"
"22263","22263","1"
"22265","22265","1"
"22267","22267","1"
"22269","22269","1"
"22271","22315","45"
"22317","22363","47"
"22365","22386","22"
"22388","22388","1"
"22391","22393","3"
"22398","22404","7"
"22406","22411","6"
"22414","22451","38"
"22454","22463","10"
"22466","22471","6"
"22474","22486","13"
"22488","22503","16"
"22506","22511","6"
"22514","22523","10"
"22526","22531","6"
"22534","22559","26"
"22566","22571","6"
"22574","22583","10"
"22586","22591","6"
"22594","22624","31"
"22626","22631","6"
"22634","22643","10"
"22646","22651","6"
"22654","22679","26"
"22686","22691","6"
"22694","22703","10"
"22706","22711","6"
"22714","22737","24"
"22746","22751","6"
"22754","22763","10"
"22766","22771","6"
"22774","22798","25"
"22806","22811","6"
"22814","22823","10"
"22826","22831","6"
"22834","22863","30"
"22866","22871","6"
"22874","22883","10"
"22886","22891","6"
"22894","22931","38"
"22934","22943","10"
"22946","22951","6"
"22954","22980","27"
"22986","22991","6"
"22994","23003","10"
"23006","23011","6"
"23014","23042","29"
"23046","23051","6"
"23054","23063","10"
"23066","23071","6"
"23074","23111","38"
"23114","23123","10"
"23126","23131","6"
"23134","23162","29"
"23166","23171","6"
"23174","23183","10"
"23186","23191","6"
"23194","23231","38"
"23234","23243","10"
"23246","23251","6"
"23254","23272","19"
"23274","23291","18"
"23294","23303","10"
"23306","23311","6"
"23314","23341","28"
"23346","23351","6"
"23354","23363","10"
"23366","23371","6"
"23374","23411","38"
"23414","23423","10"
"23426","23431","6"
"23434","23462","29"
"23466","23471","6"
"23474","23483","10"
"23486","23491","6"
"23494","23522","29"
"23526","23531","6"
"23534","23543","10"
"23546","23551","6"
"23554","23591","38"
"23594","23603","10"
"23606","23611","6"
"23614","23641","28"
"23646","23651","6"
"23654","23663","10"
"23666","23671","6"
"23674","23690","17"
"23692","23692","1"
"23694","23694","1"
"23696","23696","1"
"23698","23698","1"
"23700","23700","1"
"23702","23815","114"
"23817","23818","2"
"23820","23821","2"
"23824","23825","2"
"23830","23836","7"
"23838","23843","6"
"23846","23874","29"
"23878","23883","6"
"23886","23895","10"
"23898","23903","6"
"23906","23918","13"
"23920","23929","10"
"23938","23943","6"
"23946","23955","10"
"23958","23963","6"
"23966","23987","22"
"23998","24003","6"
"24006","24015","10"
"24018","24023","6"
"24026","24035","10"
"24038","24063","26"
"24066","24075","10"
"24078","24083","6"
"24086","24110","25"
"24112","24112","1"
"24114","24242","129"
"24245","24246","2"
"24251","24257","7"
"24259","24264","6"
"24267","24293","27"
"24299","24304","6"
"24307","24316","10"
"24319","24324","6"
"24327","24364","38"
"24367","24376","10"
"24379","24384","6"
"24387","24416","30"
"24419","24424","6"
"24427","24436","10"
"24439","24444","6"
"24447","24465","19"
"24467","24467","1"
"24469","24469","1"
"24471","24471","1"
"24473","24473","1"
"24475","24624","150"
"24626","24626","1"
"24628","24632","5"
"24634","24634","1"
"24637","24647","11"
"24649","24650","2"
"24652","24653","2"
"24655","24659","5"
"24661","24661","1"
"24663","24667","5"
"24669","24672","4"
"24674","24675","2"
"24677","24683","7"
"24685","24707","23"
"24711","24711","1"
"24713","24713","1"
"24717","24717","1"
"24719","24725","7"
"24727","24732","6"
"24735","24772","38"
"24775","24784","10"
"24787","24792","6"
"24795","24818","24"
"24820","24823","4"
"24827","24832","6"
"24835","24844","10"
"24847","24852","6"
"24855","24867","13"
"24869","24877","9"
"24887","24892","6"
"24895","24904","10"
"24907","24912","6"
"24915","24925","11"
"24927","24944","18"
"24947","24952","6"
"24955","24964","10"
"24967","24972","6"
"24975","25004","30"
"25007","25012","6"
"25015","25024","10"
"25027","25032","6"
"25035","25064","30"
"25067","25072","6"
"25075","25084","10"
"25087","25092","6"
"25095","25113","19"
"25115","25115","1"
"25117","25117","1"
"25119","25119","1"
"25121","25121","1"
"25123","25236","114"
"25239","25240","2"
"25242","25243","2"
"25247","25247","1"
"25252","25258","7"
"25260","25265","6"
"25268","25297","30"
"25300","25305","6"
"25308","25317","10"
"25320","25325","6"
"25328","25358","31"
"25360","25365","6"
"25368","25377","10"
"25380","25385","6"
"25388","25425","38"
"25428","25437","10"
"25440","25445","6"
"25448","25468","21"
"25470","25477","8"
"25480","25485","6"
"25488","25497","10"
"25500","25505","6"
"25508","25545","38"
"25548","25557","10"
"25560","25565","6"
"25568","25590","23"
"25592","25592","1"
"25594","25594","1"
"25596","25724","129"
"25727","25728","2"
"25733","25739","7"
"25741","25746","6"
"25749","25786","38"
"25789","25798","10"
"25801","25806","6"
"25809","25846","38"
"25849","25858","10"
"25861","25866","6"
"25869","25888","20"
"25890","25906","17"
"25909","25918","10"
"25921","25926","6"
"25929","25966","38"
"25969","25978","10"
"25981","25986","6"
"25989","26018","30"
"26021","26026","6"
"26029","26038","10"
"26041","26046","6"
"26049","26086","38"
"26089","26098","10"
"26101","26106","6"
"26109","26138","30"
"26141","26146","6"
"26149","26158","10"
"26161","26166","6"
"26169","26206","38"
"26209","26218","10"
"26221","26226","6"
"26229","26241","13"
"26243","26248","6"
"26250","26256","7"
"26261","26266","6"
"26269","26278","10"
"26281","26286","6"
"26289","26326","38"
"26329","26338","10"
"26341","26346","6"
"26349","26369","21"
"26371","26371","1"
"26373","26373","1"
"26375","26375","1"
"26377","26458","82"
"26460","26509","50"
"26511","26511","1"
"26513","26513","1"
"26515","26517","3"
"26519","26519","1"
"26521","26523","3"
"26525","26529","5"
"26532","26535","4"
"26537","26539","3"
"26541","26559","19"
"26563","26563","1"
"26567","26567","1"
"26569","26569","1"
"26573","26573","1"
"26575","26581","7"
"26583","26588","6"
"26591","26619","29"
"26623","26628","6"
"26631","26640","10"
"26643","26648","6"
"26651","26663","13"
"26665","26688","24"
"26691","26700","10"
"26703","26708","6"
"26711","26723","13"
"26725","26731","7"
"26733","26738","6"
"26743","26748","6"
"26751","26760","10"
"26763","26768","6"
"26771","26784","14"
"26786","26808","23"
"26811","26820","10"
"26823","26828","6"
"26831","26860","30"
"26863","26868","6"
"26871","26880","10"
"26883","26888","6"
"26891","26919","29"
"26923","26928","6"
"26931","26940","10"
"26943","26948","6"
"26951","26965","15"
"26967","26975","9"
"26983","26988","6"
"26991","27000","10"
"27003","27008","6"
"27011","27034","24"
"27043","27048","6"
"27051","27054","4"
"27056","27060","5"
"27063","27068","6"
"27071","27099","29"
"27103","27108","6"
"27111","27120","10"
"27123","27128","6"
"27131","27168","38"
"27171","27180","10"
"27183","27188","6"
"27191","27219","29"
"27223","27228","6"
"27231","27240","10"
"27243","27248","6"
"27251","27277","27"
"27283","27288","6"
"27291","27300","10"
"27303","27308","6"
"27311","27334","24"
"27343","27348","6"
"27351","27360","10"
"27363","27368","6"
"27371","27408","38"
"27411","27420","10"
"27423","27428","6"
"27431","27452","22"
"27463","27468","6"
"27471","27480","10"
"27483","27488","6"
"27491","27503","13"
"27505","27505","1"
"27507","27507","1"
"27509","27509","1"
"27511","27511","1"
"27513","27513","1"
"27515","27515","1"
"27517","27517","1"
"27519","27690","172"
"27692","27693","2"
"27695","27696","2"
"27699","27699","1"
"27701","27702","2"
"27704","27705","2"
"27707","27720","14"
"27722","27726","5"
"27728","27729","2"
"27731","27744","14"
"27746","27748","3"
"27765","27777","13"
"27779","27785","7"
"27787","27792","6"
"27795","27798","4"
"27800","27801","2"
"27803","27809","7"
"27811","27821","11"
"27823","27823","1"
"27825","27825","1"
"27827","27827","1"
"27829","27829","1"
"27831","27831","1"
"27833","27833","1"
"27835","27835","1"
"27837","27837","1"
"27843","27843","1"
"27845","27845","1"
"27849","27864","16"
"27867","27867","1"
"27869","27869","1"
"27873","27873","1"
"27875","27875","1"
"27879","27879","1"
"27881","27887","7"
"27889","27894","6"
"27897","27924","28"
"27929","27934","6"
"27937","27946","10"
"27949","27954","6"
"27957","27985","29"
"27989","27994","6"
"27997","28006","10"
"28009","28014","6"
"28017","28044","28"
"28049","28054","6"
"28057","28066","10"
"28069","28074","6"
"28077","28093","17"
"28095","28095","1"
"28097","28097","1"
"28099","28099","1"
"28101","28101","1"
"28103","28103","1"
"28105","28224","120"
"28226","28226","1"
"28229","28230","2"
"28232","28233","2"
"28236","28237","2"
"28242","28248","7"
"28250","28255","6"
"28258","28288","31"
"28290","28295","6"
"28298","28307","10"
"28310","28315","6"
"28318","28330","13"
"28332","28355","24"
"28358","28367","10"
"28370","28375","6"
"28378","28400","23"
"28402","28402","1"
"28404","28404","1"
"28406","28527","122"
"28530","28531","2"
"28533","28534","2"
"28537","28538","2"
"28543","28549","7"
"28551","28556","6"
"28559","28575","17"
"28577","28577","1"
"28579","28579","1"
"28581","28581","1"
"28583","28583","1"
"28585","28585","1"
"28587","28708","122"
"28711","28712","2"
"28714","28715","2"
"28718","28719","2"
"28724","28730","7"
"28732","28737","6"
"28740","28756","17"
"28758","28758","1"
"28760","28760","1"
"28762","28762","1"
"28764","28764","1"
"28766","28766","1"
"28768","28884","117"
"28886","28887","2"
"28889","28889","1"
"28892","28893","2"
"28895","28896","2"
"28899","28900","2"
"28905","28911","7"
"28913","28918","6"
"28921","28945","25"
"28953","28958","6"
"28961","28970","10"
"28973","28978","6"
"28981","29004","24"
"29013","29018","6"
"29021","29030","10"
"29033","29038","6"
"29041","29070","30"
"29073","29078","6"
"29081","29090","10"
"29093","29098","6"
"29101","29114","14"
"29116","29124","9"
"29133","29138","6"
"29141","29150","10"
"29153","29158","6"
"29161","29189","29"
"29193","29198","6"
"29201","29210","10"
"29213","29218","6"
"29221","29251","31"
"29253","29258","6"
"29261","29270","10"
"29273","29278","6"
"29281","29309","29"
"29313","29318","6"
"29321","29330","10"
"29333","29338","6"
"29341","29364","24"
"29373","29378","6"
"29381","29390","10"
"29393","29398","6"
"29401","29438","38"
"29441","29450","10"
"29453","29458","6"
"29461","29484","24"
"29493","29498","6"
"29501","29510","10"
"29513","29518","6"
"29521","29550","30"
"29553","29558","6"
"29561","29570","10"
"29573","29578","6"
"29581","29599","19"
"29601","29601","1"
"29603","29603","1"
"29605","29605","1"
"29607","29607","1"
"29609","29724","116"
"29726","29727","2"
"29729","29729","1"
"29732","29733","2"
"29735","29736","2"
"29739","29740","2"
"29745","29751","7"
"29753","29758","6"
"29761","29784","24"
"29793","29798","6"
"29801","29810","10"
"29813","29818","6"
"29821","29848","28"
"29853","29858","6"
"29861","29870","10"
"29873","29878","6"
"29881","29904","24"
"29913","29918","6"
"29921","29930","10"
"29933","29938","6"
"29941","29978","38"
"29981","29990","10"
"29993","29998","6"
"30001","30013","13"
"30015","30029","15"
"30033","30038","6"
"30041","30050","10"
"30053","30058","6"
"30061","30074","14"
"30076","30088","13"
"30093","30098","6"
"30101","30110","10"
"30113","30118","6"
"30121","30145","25"
"30153","30158","6"
"30161","30170","10"
"30173","30178","6"
"30181","30205","25"
"30213","30218","6"
"30221","30230","10"
"30233","30238","6"
"30241","30263","23"
"30273","30278","6"
"30281","30290","10"
"30293","30298","6"
"30301","30311","11"
"30313","30323","11"
"30333","30338","6"
"30341","30350","10"
"30353","30358","6"
"30361","30371","11"
"30373","30398","26"
"30401","30410","10"
"30413","30418","6"
"30421","30445","25"
"30453","30458","6"
"30461","30470","10"
"30473","30478","6"
"30481","30507","27"
"30513","30518","6"
"30521","30530","10"
"30533","30538","6"
"30541","30578","38"
"30581","30590","10"
"30593","30598","6"
"30601","30630","30"
"30633","30638","6"
"30641","30650","10"
"30653","30658","6"
"30661","30698","38"
"30701","30710","10"
"30713","30718","6"
"30721","30745","25"
"30753","30758","6"
"30761","30770","10"
"30773","30778","6"
"30781","30800","20"
"30813","30818","6"
"30821","30830","10"
"30833","30838","6"
"30841","30849","9"
"30853","30868","16"
"30873","30878","6"
"30881","30890","10"
"30893","30898","6"
"30901","30926","26"
"30933","30938","6"
"30941","30950","10"
"30953","30958","6"
"30961","30984","24"
"30993","30998","6"
"31001","31010","10"
"31013","31018","6"
"31021","31047","27"
"31053","31058","6"
"31061","31070","10"
"31073","31078","6"
"31081","31109","29"
"31113","31118","6"
"31121","31130","10"
"31133","31138","6"
"31141","31157","17"
"31159","31159","1"
"31161","31161","1"
"31163","31163","1"
"31165","31165","1"
"31167","31167","1"
"31169","31216","48"
"31218","31288","71"
"31290","31290","1"
"31293","31294","2"
"31296","31297","2"
"31300","31301","2"
"31306","31312","7"
"31314","31319","6"
"31322","31359","38"
"31362","31371","10"
"31374","31379","6"
"31382","31419","38"
"31422","31431","10"
"31434","31439","6"
"31442","31470","29"
"31474","31479","6"
"31482","31491","10"
"31494","31499","6"
"31502","31528","27"
"31534","31539","6"
"31542","31551","10"
"31554","31559","6"
"31562","31591","30"
"31594","31599","6"
"31602","31611","10"
"31614","31619","6"
"31622","31659","38"
"31662","31671","10"
"31674","31679","6"
"31682","31712","31"
"31714","31719","6"
"31722","31731","10"
"31734","31739","6"
"31742","31779","38"
"31782","31791","10"
"31794","31799","6"
"31802","31839","38"
"31842","31851","10"
"31854","31859","6"
"31862","31899","38"
"31902","31911","10"
"31914","31919","6"
"31922","31959","38"
"31962","31971","10"
"31974","31979","6"
"31982","32011","30"
"32014","32019","6"
"32022","32031","10"
"32034","32039","6"
"32042","32079","38"
"32082","32091","10"
"32094","32099","6"
"32102","32127","26"
"32134","32139","6"
"32142","32151","10"
"32154","32159","6"
"32162","32187","26"
"32194","32199","6"
"32202","32211","10"
"32214","32219","6"
"32222","32251","30"
"32254","32259","6"
"32262","32271","10"
"32274","32279","6"
"32282","32319","38"
"32322","32331","10"
"32334","32339","6"
"32342","32370","29"
"32374","32379","6"
"32382","32391","10"
"32394","32399","6"
"32402","32439","38"
"32442","32451","10"
"32454","32459","6"
"32462","32491","30"
"32494","32499","6"
"32502","32511","10"
"32514","32519","6"
"32522","32540","19"
"32542","32542","1"
"32544","32544","1"
"32546","32546","1"
"32548","32548","1"
"32550","32746","197"
"32748","32752","5"
"32754","32758","5"
"32760","32764","5"
"32766","32773","8"
"32775","32776","2"
"32778","32782","5"
"32784","32784","1"
"32786","32788","3"
"32790","32793","4"
"32796","32811","16"
"32813","32817","5"
"32819","32821","3"
"32826","32828","3"
"32832","32836","5"
"32839","32842","4"
"32845","32846","2"
"32849","32849","1"
"32851","32859","9"
"32861","32861","1"
"32863","32883","21"
"32887","32887","1"
"32889","32889","1"
"32893","32893","1"
"32895","32901","7"
"32903","32908","6"
"32911","32948","38"
"32951","32960","10"
"32963","32968","6"
"32971","33008","38"
"33011","33020","10"
"33023","33028","6"
"33031","33051","21"
"33053","33053","1"
"33055","33055","1"
"33057","33057","1"
"33059","33161","103"
"33163","33166","4"
"33169","33169","1"
"33174","33175","2"
"33177","33177","1"
"33180","33181","2"
"33183","33184","2"
"33186","33198","13"
"33200","33200","1"
"33203","33206","4"
"33209","33209","1"
"33213","33213","1"
"33217","33217","1"
"33219","33225","7"
"33227","33232","6"
"33235","33264","30"
"33267","33272","6"
"33275","33284","10"
"33287","33292","6"
"33295","33319","25"
"33327","33332","6"
"33335","33344","10"
"33347","33352","6"
"33355","33382","28"
"33387","33392","6"
"33395","33404","10"
"33407","33412","6"
"33415","33440","26"
"33447","33452","6"
"33455","33464","10"
"33467","33472","6"
"33475","33489","15"
"33491","33491","1"
"33493","33493","1"
"33495","33495","1"
"33497","33497","1"
"33499","33499","1"
"33501","33501","1"
"33503","33616","114"
"33618","33619","2"
"33621","33622","2"
"33625","33626","2"
"33631","33637","7"
"33639","33644","6"
"33647","33674","28"
"33679","33684","6"
"33687","33696","10"
"33699","33704","6"
"33707","33732","26"
"33739","33744","6"
"33747","33756","10"
"33759","33764","6"
"33767","33794","28"
"33799","33804","6"
"33807","33816","10"
"33819","33824","6"
"33827","33856","30"
"33859","33864","6"
"33867","33876","10"
"33879","33884","6"
"33887","33912","26"
"33919","33924","6"
"33927","33936","10"
"33939","33944","6"
"33947","33973","27"
"33979","33984","6"
"33987","33996","10"
"33999","34004","6"
"34007","34032","26"
"34039","34044","6"
"34047","34056","10"
"34059","34064","6"
"34067","34093","27"
"34099","34104","6"
"34107","34116","10"
"34119","34124","6"
"34127","34152","26"
"34159","34164","6"
"34167","34176","10"
"34179","34184","6"
"34187","34224","38"
"34227","34236","10"
"34239","34244","6"
"34247","34284","38"
"34287","34296","10"
"34299","34304","6"
"34307","34344","38"
"34347","34356","10"
"34359","34364","6"
"34367","34404","38"
"34407","34416","10"
"34419","34424","6"
"34427","34464","38"
"34467","34476","10"
"34479","34484","6"
"34487","34505","19"
"34507","34524","18"
"34527","34536","10"
"34539","34544","6"
"34547","34584","38"
"34587","34596","10"
"34599","34604","6"
"34607","34644","38"
"34647","34656","10"
"34659","34664","6"
"34667","34696","30"
"34699","34704","6"
"34707","34716","10"
"34719","34724","6"
"34727","34750","24"
"34759","34764","6"
"34767","34776","10"
"34779","34784","6"
"34787","34836","50"
"34839","34844","6"
"34847","34884","38"
"34887","34896","10"
"34899","34904","6"
"34907","34944","38"
"34947","34956","10"
"34959","34964","6"
"34967","34994","28"
"34999","35004","6"
"35007","35016","10"
"35019","35024","6"
"35027","35043","17"
"35045","35045","1"
"35047","35047","1"
"35049","35049","1"
"35051","35051","1"
"35053","35053","1"
"35055","35174","120"
"35176","35176","1"
"35179","35180","2"
"35182","35183","2"
"35186","35187","2"
"35192","35198","7"
"35200","35205","6"
"35208","35232","25"
"35240","35245","6"
"35248","35257","10"
"35260","35265","6"
"35268","35298","31"
"35300","35305","6"
"35308","35317","10"
"35320","35325","6"
"35328","35341","14"
"35343","35365","23"
"35368","35377","10"
"35380","35385","6"
"35388","35410","23"
"35412","35412","1"
"35414","35414","1"
"35416","35538","123"
"35540","35541","2"
"35543","35544","2"
"35547","35548","2"
"35553","35559","7"
"35561","35566","6"
"35569","35587","19"
"35589","35589","1"
"35591","35591","1"
"35593","35593","1"
"35595","35595","1"
"35597","35717","121"
"35719","35721","3"
"35724","35727","4"
"35729","35730","2"
"35732","35733","2"
"35735","35736","2"
"35738","35739","2"
"35741","35761","21"
"35764","35764","1"
"35768","35768","1"
"35772","35772","1"
"35774","35780","7"
"35782","35787","6"
"35790","35802","13"
"35804","35819","16"
"35822","35827","6"
"35830","35839","10"
"35842","35847","6"
"35850","35868","19"
"35870","35870","1"
"35872","35872","1"
"35874","35874","1"
"35876","35876","1"
"35878","35998","121"
"36000","36003","4"
"36005","36008","4"
"36010","36011","2"
"36013","36014","2"
"36016","36017","2"
"36019","36020","2"
"36022","36046","25"
"36049","36049","1"
"36053","36053","1"
"36055","36061","7"
"36063","36068","6"
"36071","36099","29"
"36103","36108","6"
"36111","36120","10"
"36123","36128","6"
"36131","36144","14"
"36146","36168","23"
"36171","36180","10"
"36183","36188","6"
"36191","36203","13"
"36205","36216","12"
"36223","36228","6"
"36231","36240","10"
"36243","36248","6"
"36251","36288","38"
"36291","36300","10"
"36303","36308","6"
"36311","36348","38"
"36351","36360","10"
"36363","36368","6"
"36371","36391","21"
"36393","36408","16"
"36411","36420","10"
"36423","36428","6"
"36431","36456","26"
"36463","36468","6"
"36471","36480","10"
"36483","36488","6"
"36491","36528","38"
"36531","36540","10"
"36543","36548","6"
"36551","36563","13"
"36565","36580","16"
"36583","36588","6"
"36591","36600","10"
"36603","36608","6"
"36611","36640","30"
"36643","36648","6"
"36651","36660","10"
"36663","36668","6"
"36671","36683","13"
"36685","36701","17"
"36703","36708","6"
"36711","36720","10"
"36723","36728","6"
"36731","36743","13"
"36745","36756","12"
"36763","36768","6"
"36771","36780","10"
"36783","36788","6"
"36791","36820","30"
"36823","36828","6"
"36831","36840","10"
"36843","36848","6"
"36851","36869","19"
"36871","36871","1"
"36873","36873","1"
"36875","36875","1"
"36877","36877","1"
"36879","37007","129"
"37010","37011","2"
"37016","37022","7"
"37024","37029","6"
"37032","37069","38"
"37072","37081","10"
"37084","37089","6"
"37092","37105","14"
"37107","37113","7"
"37115","37129","15"
"37132","37141","10"
"37144","37149","6"
"37152","37182","31"
"37184","37189","6"
"37192","37201","10"
"37204","37209","6"
"37212","37249","38"
"37252","37261","10"
"37264","37269","6"
"37272","37309","38"
"37312","37321","10"
"37324","37329","6"
"37332","37354","23"
"37356","37356","1"
"37358","37358","1"
"37360","37506","147"
"37509","37513","5"
"37515","37517","3"
"37519","37519","1"
"37522","37532","11"
"37534","37535","2"
"37537","37538","2"
"37540","37544","5"
"37546","37546","1"
"37548","37552","5"
"37554","37554","1"
"37556","37560","5"
"37562","37568","7"
"37570","37590","21"
"37592","37592","1"
"37596","37596","1"
"37598","37598","1"
"37602","37602","1"
"37604","37610","7"
"37612","37617","6"
"37620","37657","38"
"37660","37669","10"
"37672","37677","6"
"37680","37710","31"
"37712","37717","6"
"37720","37729","10"
"37732","37737","6"
"37740","37769","30"
"37772","37777","6"
"37780","37789","10"
"37792","37797","6"
"37800","37837","38"
"37840","37849","10"
"37852","37857","6"
"37860","37888","29"
"37892","37897","6"
"37900","37909","10"
"37912","37917","6"
"37920","37932","13"
"37934","37950","17"
"37952","37957","6"
"37960","37969","10"
"37972","37977","6"
"37980","38017","38"
"38020","38029","10"
"38032","38037","6"
"38040","38060","21"
"38062","38062","1"
"38064","38064","1"
"38066","38066","1"
"38068","38190","123"
"38192","38193","2"
"38195","38196","2"
"38199","38200","2"
"38205","38211","7"
"38213","38218","6"
"38221","38239","19"
"38241","38241","1"
"38243","38243","1"
"38245","38245","1"
"38247","38247","1"
"38249","38393","145"
"38395","38398","4"
"38401","38401","1"
"38403","38403","1"
"38405","38405","1"
"38407","38409","3"
"38411","38411","1"
"38413","38415","3"
"38417","38421","5"
"38424","38427","4"
"38429","38431","3"
"38433","38446","14"
"38449","38449","1"
"38451","38451","1"
"38455","38455","1"
"38459","38459","1"
"38461","38461","1"
"38465","38465","1"
"38467","38473","7"
"38475","38480","6"
"38483","38491","9"
"38495","38510","16"
"38515","38520","6"
"38523","38532","10"
"38535","38540","6"
"38543","38559","17"
"38561","38561","1"
"38563","38563","1"
"38565","38565","1"
"38567","38567","1"
"38569","38569","1"
"38571","38692","122"
"38695","38696","2"
"38698","38699","2"
"38702","38703","2"
"38708","38714","7"
"38716","38721","6"
"38724","38740","17"
"38742","38742","1"
"38744","38744","1"
"38746","38746","1"
"38748","38748","1"
"38750","38750","1"
"38752","38872","121"
"38875","38875","1"
"38877","38877","1"
"38880","38881","2"
"38883","38883","1"
"38886","38901","16"
"38904","38906","3"
"38909","38909","1"
"38913","38913","1"
"38917","38917","1"
"38919","38925","7"
"38927","38932","6"
"38935","38962","28"
"38967","38972","6"
"38975","38984","10"
"38987","38992","6"
"38995","39018","24"
"39027","39032","6"
"39035","39044","10"
"39047","39052","6"
"39055","39078","24"
"39087","39092","6"
"39095","39104","10"
"39107","39112","6"
"39115","39140","26"
"39147","39152","6"
"39155","39164","10"
"39167","39172","6"
"39175","39189","15"
"39191","39191","1"
"39193","39193","1"
"39195","39195","1"
"39197","39197","1"
"39199","39199","1"
"39201","39201","1"
"39203","39256","54"
"39258","39341","84"
"39343","39346","4"
"39349","39349","1"
"39351","39351","1"
"39353","39353","1"
"39355","39357","3"
"39359","39359","1"
"39361","39363","3"
"39365","39369","5"
"39372","39375","4"
"39377","39379","3"
"39381","39403","23"
"39407","39407","1"
"39409","39409","1"
"39413","39413","1"
"39415","39421","7"
"39423","39428","6"
"39431","39459","29"
"39463","39468","6"
"39471","39480","10"
"39483","39488","6"
"39491","39528","38"
"39531","39540","10"
"39543","39548","6"
"39551","39573","23"
"39575","39575","1"
"39577","39577","1"
"39579","39704","126"
"39706","39707","2"
"39710","39711","2"
"39716","39722","7"
"39724","39729","6"
"39732","39760","29"
"39764","39769","6"
"39772","39781","10"
"39784","39789","6"
"39792","39820","29"
"39824","39829","6"
"39832","39841","10"
"39844","39849","6"
"39852","39889","38"
"39892","39901","10"
"39904","39909","6"
"39912","39934","23"
"39936","39936","1"
"39938","39938","1"
"39940","40056","117"
"40058","40059","2"
"40062","40063","2"
"40068","40074","7"
"40076","40081","6"
"40084","40104","21"
"40106","40106","1"
"40108","40108","1"
"40110","40110","1"
"40112","40228","117"
"40230","40231","2"
"40234","40235","2"
"40240","40246","7"
"40248","40253","6"
"40256","40293","38"
"40296","40305","10"
"40308","40313","6"
"40316","40353","38"
"40356","40365","10"
"40368","40373","6"
"40376","40388","13"
"40391","40404","14"
"40408","40413","6"
"40416","40425","10"
"40428","40433","6"
"40436","40464","29"
"40468","40473","6"
"40476","40485","10"
"40488","40493","6"
"40496","40524","29"
"40528","40533","6"
"40536","40545","10"
"40548","40553","6"
"40556","40579","24"
"40588","40593","6"
"40596","40605","10"
"40608","40613","6"
"40616","40644","29"
"40648","40653","6"
"40656","40665","10"
"40668","40673","6"
"40676","40688","13"
"40690","40713","24"
"40716","40725","10"
"40728","40733","6"
"40736","40773","38"
"40776","40785","10"
"40788","40793","6"
"40796","40825","30"
"40828","40833","6"
"40836","40845","10"
"40848","40853","6"
"40856","40893","38"
"40896","40905","10"
"40908","40913","6"
"40916","40936","21"
"40938","40938","1"
"40940","40940","1"
"40942","40942","1"
"40944","41050","107"
"41052","41053","2"
"41055","41055","1"
"41058","41059","2"
"41061","41062","2"
"41065","41066","2"
"41071","41077","7"
"41079","41084","6"
"41087","41117","31"
"41119","41124","6"
"41127","41136","10"
"41139","41144","6"
"41147","41175","29"
"41179","41184","6"
"41187","41196","10"
"41199","41204","6"
"41207","41244","38"
"41247","41256","10"
"41259","41264","6"
"41267","41287","21"
"41289","41289","1"
"41291","41291","1"
"41293","41293","1"
"41295","41411","117"
"41413","41414","2"
"41416","41416","1"
"41419","41420","2"
"41422","41423","2"
"41426","41427","2"
"41432","41438","7"
"41440","41445","6"
"41448","41478","31"
"41480","41485","6"
"41488","41497","10"
"41500","41505","6"
"41508","41520","13"
"41522","41545","24"
"41548","41557","10"
"41560","41565","6"
"41568","41595","28"
"41600","41605","6"
"41608","41617","10"
"41620","41625","6"
"41628","41654","27"
"41660","41665","6"
"41668","41677","10"
"41680","41685","6"
"41688","41718","31"
"41720","41725","6"
"41728","41737","10"
"41740","41745","6"
"41748","41769","22"
"41780","41785","6"
"41788","41797","10"
"41800","41805","6"
"41808","41817","10"
"41820","41833","14"
"41840","41845","6"
"41848","41857","10"
"41860","41865","6"
"41868","41891","24"
"41900","41905","6"
"41908","41917","10"
"41920","41925","6"
"41928","41951","24"
"41960","41965","6"
"41968","41977","10"
"41980","41985","6"
"41988","42011","24"
"42020","42025","6"
"42028","42037","10"
"42040","42045","6"
"42048","42071","24"
"42080","42085","6"
"42088","42097","10"
"42100","42105","6"
"42108","42138","31"
"42140","42145","6"
"42148","42157","10"
"42160","42165","6"
"42168","42191","24"
"42200","42205","6"
"42208","42217","10"
"42220","42225","6"
"42228","42256","29"
"42260","42265","6"
"42268","42277","10"
"42280","42285","6"
"42288","42304","17"
"42306","42306","1"
"42308","42308","1"
"42310","42310","1"
"42312","42312","1"
"42314","42314","1"
"42316","42364","49"
"42366","42371","6"
"42373","42437","65"
"42440","42441","2"
"42443","42444","2"
"42447","42448","2"
"42453","42459","7"
"42461","42466","6"
"42469","42489","21"
"42501","42506","6"
"42509","42518","10"
"42521","42526","6"
"42529","42537","9"
"42541","42557","17"
"42561","42566","6"
"42569","42578","10"
"42581","42586","6"
"42589","42613","25"
"42621","42626","6"
"42629","42638","10"
"42641","42646","6"
"42649","42672","24"
"42681","42686","6"
"42689","42698","10"
"42701","42706","6"
"42709","42735","27"
"42741","42746","6"
"42749","42758","10"
"42761","42766","6"
"42769","42797","29"
"42801","42806","6"
"42809","42818","10"
"42821","42826","6"
"42829","42852","24"
"42861","42866","6"
"42869","42878","10"
"42881","42886","6"
"42889","42916","28"
"42921","42926","6"
"42929","42938","10"
"42941","42946","6"
"42949","42962","14"
"42964","42977","14"
"42981","42986","6"
"42989","42998","10"
"43001","43006","6"
"43009","43036","28"
"43041","43046","6"
"43049","43058","10"
"43061","43066","6"
"43069","43085","17"
"43087","43087","1"
"43089","43089","1"
"43091","43091","1"
"43093","43093","1"
"43095","43095","1"
"43097","43207","111"
"43209","43209","1"
"43212","43213","2"
"43215","43216","2"
"43219","43220","2"
"43225","43231","7"
"43233","43238","6"
"43241","43255","15"
"43257","43257","1"
"43259","43259","1"
"43261","43261","1"
"43263","43263","1"
"43265","43265","1"
"43267","43267","1"
"43269","43394","126"
"43396","43397","2"
"43400","43401","2"
"43406","43412","7"
"43414","43419","6"
"43422","43450","29"
"43454","43459","6"
"43462","43471","10"
"43474","43479","6"
"43482","43510","29"
"43514","43519","6"
"43522","43531","10"
"43534","43539","6"
"43542","43568","27"
"43574","43579","6"
"43582","43591","10"
"43594","43599","6"
"43602","43630","29"
"43634","43639","6"
"43642","43651","10"
"43654","43659","6"
"43662","43690","29"
"43694","43699","6"
"43702","43711","10"
"43714","43719","6"
"43722","43750","29"
"43754","43759","6"
"43762","43771","10"
"43774","43779","6"
"43782","43804","23"
"43814","43819","6"
"43822","43831","10"
"43834","43839","6"
"43842","43852","11"
"43854","43869","16"
"43874","43879","6"
"43882","43891","10"
"43894","43899","6"
"43902","43915","14"
"43917","43923","7"
"43934","43939","6"
"43942","43951","10"
"43954","43959","6"
"43962","43971","10"
"43974","43984","11"
"43994","43999","6"
"44002","44011","10"
"44014","44019","6"
"44022","44032","11"
"44034","44051","18"
"44054","44059","6"
"44062","44071","10"
"44074","44079","6"
"44082","44100","19"
"44102","44102","1"
"44104","44104","1"
"44106","44106","1"
"44108","44108","1"
"44110","44154","45"
"44156","44202","47"
"44204","44222","19"
"44224","44225","2"
"44227","44227","1"
"44230","44232","3"
"44237","44243","7"
"44245","44250","6"
"44253","44281","29"
"44285","44290","6"
"44293","44302","10"
"44305","44310","6"
"44313","44341","29"
"44345","44350","6"
"44353","44362","10"
"44365","44370","6"
"44373","44401","29"
"44405","44410","6"
"44413","44422","10"
"44425","44430","6"
"44433","44460","28"
"44465","44470","6"
"44473","44482","10"
"44485","44490","6"
"44493","44530","38"
"44533","44542","10"
"44545","44550","6"
"44553","44590","38"
"44593","44602","10"
"44605","44610","6"
"44613","44650","38"
"44653","44662","10"
"44665","44670","6"
"44673","44710","38"
"44713","44722","10"
"44725","44730","6"
"44733","44756","24"
"44765","44770","6"
"44773","44782","10"
"44785","44790","6"
"44793","44830","38"
"44833","44842","10"
"44845","44850","6"
"44853","44890","38"
"44893","44902","10"
"44905","44910","6"
"44913","44950","38"
"44953","44962","10"
"44965","44970","6"
"44973","45010","38"
"45013","45022","10"
"45025","45030","6"
"45033","45054","22"
"45065","45070","6"
"45073","45082","10"
"45085","45090","6"
"45093","45102","10"
"45105","45116","12"
"45125","45130","6"
"45133","45142","10"
"45145","45150","6"
"45153","45181","29"
"45185","45190","6"
"45193","45202","10"
"45205","45210","6"
"45213","45243","31"
"45245","45250","6"
"45253","45262","10"
"45265","45270","6"
"45273","45285","13"
"45287","45310","24"
"45313","45322","10"
"45325","45330","6"
"45333","45370","38"
"45373","45382","10"
"45385","45390","6"
"45393","45411","19"
"45414","45430","17"
"45433","45442","10"
"45445","45450","6"
"45453","45477","25"
"45485","45490","6"
"45493","45502","10"
"45505","45510","6"
"45513","45534","22"
"45545","45550","6"
"45553","45562","10"
"45565","45570","6"
"45573","45582","10"
"45585","45599","15"
"45605","45610","6"
"45613","45622","10"
"45625","45630","6"
"45633","45659","27"
"45665","45670","6"
"45673","45682","10"
"45685","45690","6"
"45693","45730","38"
"45733","45742","10"
"45745","45750","6"
"45753","45776","24"
"45785","45790","6"
"45793","45802","10"
"45805","45810","6"
"45813","45837","25"
"45845","45850","6"
"45853","45862","10"
"45865","45870","6"
"45873","45896","24"
"45905","45910","6"
"45913","45922","10"
"45925","45930","6"
"45933","45963","31"
"45965","45970","6"
"45973","45982","10"
"45985","45990","6"
"45993","46021","29"
"46025","46030","6"
"46033","46042","10"
"46045","46050","6"
"46053","46081","29"
"46085","46090","6"
"46093","46102","10"
"46105","46110","6"
"46113","46150","38"
"46153","46162","10"
"46165","46170","6"
"46173","46201","29"
"46205","46210","6"
"46213","46222","10"
"46225","46230","6"
"46233","46260","28"
"46265","46270","6"
"46273","46282","10"
"46285","46290","6"
"46293","46309","17"
"46311","46311","1"
"46313","46313","1"
"46315","46315","1"
"46317","46317","1"
"46319","46319","1"
"46321","46445","125"
"46447","46490","44"
"46492","46498","7"
"46500","46504","5"
"46506","46507","2"
"46510","46518","9"
"46520","46530","11"
"46532","46534","3"
"46536","46538","3"
"46540","46540","1"
"46543","46546","4"
"46549","46552","4"
"46554","46556","3"
"46558","46558","1"
"46561","46582","22"
"46586","46586","1"
"46588","46588","1"
"46592","46592","1"
"46594","46600","7"
"46602","46607","6"
"46610","46647","38"
"46650","46659","10"
"46662","46667","6"
"46670","46683","14"
"46685","46707","23"
"46710","46719","10"
"46722","46727","6"
"46730","46767","38"
"46770","46779","10"
"46782","46787","6"
"46790","46804","15"
"46806","46814","9"
"46822","46827","6"
"46830","46839","10"
"46842","46847","6"
"46850","46887","38"
"46890","46899","10"
"46902","46907","6"
"46910","46947","38"
"46950","46959","10"
"46962","46967","6"
"46970","47007","38"
"47010","47019","10"
"47022","47027","6"
"47030","47067","38"
"47070","47079","10"
"47082","47087","6"
"47090","47115","26"
"47122","47127","6"
"47130","47139","10"
"47142","47147","6"
"47150","47159","10"
"47161","47187","27"
"47192","47193","2"
"47198","47203","6"
"47206","47218","13"
"47220","47243","24"
"47246","47255","10"
"47258","47263","6"
"47266","47295","30"
"47298","47303","6"
"47306","47315","10"
"47318","47323","6"
"47326","47363","38"
"47366","47375","10"
"47378","47383","6"
"47386","47423","38"
"47426","47435","10"
"47438","47443","6"
"47446","47473","28"
"47478","47483","6"
"47486","47495","10"
"47498","47503","6"
"47506","47527","22"
"47538","47543","6"
"47548","47549","2"
"47554","47559","6"
"47562","47588","27"
"47594","47599","6"
"47602","47611","10"
"47614","47619","6"
"47622","47634","13"
"47636","47646","11"
"47654","47659","6"
"47662","47671","10"
"47674","47679","6"
"47682","47694","13"
"47696","47696","1"
"47698","47698","1"
"47700","47700","1"
"47702","47702","1"
"47704","47704","1"
"47706","47706","1"
"47708","47708","1"
"47710","47812","103"
"47814","47817","4"
"47820","47820","1"
"47825","47826","2"
"47828","47828","1"
"47831","47832","2"
"47834","47835","2"
"47837","47851","15"
"47854","47857","4"
"47860","47860","1"
"47864","47864","1"
"47868","47868","1"
"47870","47876","7"
"47878","47883","6"
"47886","47908","23"
"47918","47923","6"
"47926","47935","10"
"47938","47943","6"
"47946","47956","11"
"47958","47970","13"
"47978","47983","6"
"47986","47995","10"
"47998","48003","6"
"48006","48032","27"
"48038","48043","6"
"48046","48055","10"
"48058","48063","6"
"48066","48095","30"
"48098","48103","6"
"48106","48115","10"
"48118","48123","6"
"48126","48153","28"
"48158","48163","6"
"48166","48175","10"
"48178","48183","6"
"48186","48215","30"
"48218","48223","6"
"48226","48235","10"
"48238","48243","6"
"48246","48275","30"
"48278","48283","6"
"48286","48295","10"
"48298","48303","6"
"48306","48344","39"
"48346","48355","10"
"48358","48363","6"
"48366","48403","38"
"48406","48415","10"
"48418","48423","6"
"48426","48463","38"
"48466","48475","10"
"48478","48483","6"
"48486","48500","15"
"48502","48516","15"
"48518","48523","6"
"48526","48535","10"
"48538","48543","6"
"48546","48583","38"
"48586","48595","10"
"48598","48603","6"
"48606","48633","28"
"48638","48643","6"
"48646","48655","10"
"48658","48663","6"
"48666","48694","29"
"48698","48703","6"
"48706","48715","10"
"48718","48723","6"
"48726","48739","14"
"48741","48763","23"
"48766","48775","10"
"48778","48783","6"
"48786","48797","12"
"48799","48812","14"
"48818","48823","6"
"48826","48835","10"
"48838","48843","6"
"48846","48873","28"
"48878","48883","6"
"48886","48895","10"
"48898","48903","6"
"48906","48935","30"
"48938","48943","6"
"48946","48955","10"
"48958","48963","6"
"48966","48994","29"
"48998","49003","6"
"49006","49015","10"
"49018","49023","6"
"49026","49063","38"
"49066","49075","10"
"49078","49083","6"
"49086","49108","23"
"49110","49123","14"
"49126","49135","10"
"49138","49143","6"
"49146","49169","24"
"49178","49183","6"
"49186","49195","10"
"49198","49203","6"
"49206","49229","24"
"49238","49243","6"
"49246","49255","10"
"49258","49263","6"
"49266","49289","24"
"49298","49303","6"
"49306","49315","10"
"49318","49323","6"
"49326","49363","38"
"49366","49375","10"
"49378","49383","6"
"49386","49415","30"
"49418","49423","6"
"49428","49429","2"
"49434","49439","6"
"49442","49455","14"
"49457","49461","5"
"49463","49470","8"
"49474","49479","6"
"49482","49491","10"
"49494","49499","6"
"49502","49515","14"
"49517","49539","23"
"49542","49551","10"
"49554","49559","6"
"49562","49592","31"
"49594","49599","6"
"49602","49611","10"
"49614","49619","6"
"49622","49634","13"
"49636","49649","14"
"49654","49659","6"
"49662","49671","10"
"49674","49679","6"
"49682","49695","14"
"49697","49712","16"
"49714","49719","6"
"49722","49731","10"
"49734","49739","6"
"49742","49780","39"
"49782","49791","10"
"49794","49799","6"
"49802","49815","14"
"49817","49839","23"
"49842","49851","10"
"49854","49859","6"
"49862","49873","12"
"49875","49881","7"
"49883","49888","6"
"49894","49899","6"
"49902","49911","10"
"49914","49919","6"
"49922","49948","27"
"49954","49959","6"
"49962","49971","10"
"49974","49979","6"
"49982","50019","38"
"50022","50031","10"
"50034","50039","6"
"50042","50070","29"
"50074","50079","6"
"50082","50091","10"
"50094","50099","6"
"50102","50125","24"
"50134","50139","6"
"50142","50151","10"
"50154","50159","6"
"50162","50191","30"
"50194","50199","6"
"50202","50211","10"
"50214","50219","6"
"50222","50259","38"
"50262","50271","10"
"50274","50279","6"
"50282","50302","21"
"50304","50304","1"
"50306","50306","1"
"50308","50308","1"
"50310","50313","4"
"50315","50425","111"
"50427","50430","4"
"50433","50433","1"
"50435","50435","1"
"50438","50439","2"
"50441","50441","1"
"50444","50459","16"
"50462","50464","3"
"50467","50467","1"
"50471","50471","1"
"50475","50475","1"
"50477","50483","7"
"50485","50490","6"
"50493","50522","30"
"50525","50530","6"
"50533","50542","10"
"50545","50550","6"
"50553","50576","24"
"50585","50590","6"
"50593","50602","10"
"50605","50610","6"
"50613","50639","27"
"50645","50650","6"
"50653","50662","10"
"50665","50670","6"
"50673","50699","27"
"50705","50710","6"
"50713","50722","10"
"50725","50730","6"
"50733","50770","38"
"50773","50782","10"
"50785","50790","6"
"50793","50813","21"
"50815","50815","1"
"50817","50817","1"
"50819","50819","1"
"50821","50873","53"
"50875","50947","73"
"50949","50953","5"
"50955","50955","1"
"50957","50957","1"
"50959","50959","1"
"50962","50963","2"
"50965","50965","1"
"50968","50988","21"
"50991","50991","1"
"50995","50995","1"
"50999","50999","1"
"51001","51007","7"
"51009","51014","6"
"51017","51044","28"
"51049","51054","6"
"51057","51066","10"
"51069","51074","6"
"51077","51093","17"
"51095","51095","1"
"51097","51097","1"
"51099","51099","1"
"51101","51101","1"
"51103","51103","1"
"51105","51166","62"
"51168","51318","151"
"51320","51321","2"
"51323","51327","5"
"51329","51330","2"
"51333","51333","1"
"51335","51336","2"
"51338","51345","8"
"51347","51347","1"
"51349","51354","6"
"51356","51357","2"
"51359","51366","8"
"51368","51372","5"
"51374","51378","5"
"51380","51381","2"
"51383","51386","4"
"51388","51389","2"
"51391","51394","4"
"51396","51397","2"
"51400","51400","1"
"51409","51421","13"
"51423","51429","7"
"51431","51436","6"
"51439","51442","4"
"51444","51445","2"
"51447","51453","7"
"51456","51465","10"
"51467","51467","1"
"51469","51469","1"
"51471","51471","1"
"51473","51473","1"
"51475","51475","1"
"51477","51477","1"
"51479","51479","1"
"51481","51481","1"
"51487","51487","1"
"51489","51489","1"
"51493","51508","16"
"51511","51511","1"
"51513","51513","1"
"51517","51517","1"
"51519","51519","1"
"51523","51523","1"
"51525","51531","7"
"51533","51538","6"
"51541","51557","17"
"51559","51559","1"
"51561","51561","1"
"51563","51563","1"
"51565","51565","1"
"51567","51567","1"
"51569","51693","125"
"51695","51782","88"
"51784","51785","2"
"51787","51791","5"
"51793","51794","2"
"51797","51797","1"
"51799","51800","2"
"51802","51803","2"
"51805","51812","8"
"51814","51818","5"
"51820","51824","5"
"51826","51827","2"
"51829","51836","8"
"51838","51842","5"
"51844","51846","3"
"51848","51848","1"
"51850","51857","8"
"51860","51860","1"
"51862","51865","4"
"51868","51868","1"
"51870","51873","4"
"51876","51876","1"
"51878","51888","11"
"51890","51891","2"
"51893","51897","5"
"51899","51901","3"
"51903","51903","1"
"51905","51908","4"
"51911","51914","4"
"51916","51917","2"
"51919","51925","7"
"51928","51937","10"
"51939","51939","1"
"51941","51941","1"
"51943","51943","1"
"51945","51945","1"
"51947","51947","1"
"51949","51949","1"
"51951","51951","1"
"51953","51953","1"
"51959","51959","1"
"51961","51961","1"
"51965","51977","13"
"51979","51979","1"
"51983","51983","1"
"51985","51985","1"
"51989","51989","1"
"51991","51991","1"
"51995","51995","1"
"51997","52003","7"
"52005","52010","6"
"52013","52036","24"
"52045","52050","6"
"52053","52062","10"
"52065","52070","6"
"52073","52085","13"
"52087","52087","1"
"52089","52089","1"
"52091","52091","1"
"52093","52093","1"
"52095","52095","1"
"52097","52097","1"
"52099","52099","1"
"52101","52203","103"
"52205","52208","4"
"52211","52211","1"
"52216","52217","2"
"52219","52219","1"
"52222","52223","2"
"52225","52226","2"
"52228","52240","13"
"52242","52242","1"
"52245","52248","4"
"52251","52251","1"
"52255","52255","1"
"52259","52259","1"
"52261","52267","7"
"52269","52274","6"
"52277","52289","13"
"52291","52291","1"
"52293","52293","1"
"52295","52295","1"
"52297","52297","1"
"52299","52299","1"
"52301","52301","1"
"52303","52303","1"
"52305","52408","104"
"52410","52413","4"
"52416","52416","1"
"52421","52422","2"
"52424","52424","1"
"52427","52428","2"
"52430","52431","2"
"52433","52454","22"
"52456","52456","1"
"52460","52460","1"
"52464","52464","1"
"52466","52472","7"
"52474","52479","6"
"52482","52519","38"
"52522","52531","10"
"52534","52539","6"
"52542","52579","38"
"52582","52591","10"
"52594","52599","6"
"52602","52639","38"
"52642","52651","10"
"52654","52659","6"
"52662","52699","38"
"52702","52711","10"
"52714","52719","6"
"52722","52749","28"
"52754","52759","6"
"52762","52771","10"
"52774","52779","6"
"52782","52798","17"
"52800","52800","1"
"52802","52802","1"
"52804","52804","1"
"52806","52806","1"
"52808","52808","1"
"52810","52918","109"
"52920","53013","94"
"53015","53016","2"
"53018","53022","5"
"53025","53025","1"
"53027","53028","2"
"53030","53034","5"
"53036","53040","5"
"53042","53046","5"
"53048","53061","14"
"53063","53067","5"
"53069","53070","2"
"53072","53075","4"
"53077","53077","1"
"53079","53086","8"
"53088","53094","7"
"53097","53107","11"
"53109","53109","1"
"53111","53111","1"
"53113","53115","3"
"53117","53117","1"
"53121","53123","3"
"53127","53127","1"
"53129","53131","3"
"53133","53133","1"
"53136","53139","4"
"53141","53141","1"
"53143","53143","1"
"53145","53152","8"
"53155","53155","1"
"53157","53157","1"
"53159","53159","1"
"53161","53161","1"
"53163","53163","1"
"53165","53165","1"
"53167","53167","1"
"53173","53188","16"
"53191","53191","1"
"53193","53193","1"
"53197","53197","1"
"53199","53199","1"
"53203","53203","1"
"53205","53211","7"
"53213","53218","6"
"53221","53237","17"
"53239","53239","1"
"53241","53241","1"
"53243","53243","1"
"53245","53245","1"
"53247","53247","1"
"53249","53442","194"
"53444","53444","1"
"53446","53461","16"
"53463","53464","2"
"53466","53470","5"
"53472","53473","2"
"53476","53476","1"
"53478","53479","2"
"53481","53482","2"
"53484","53491","8"
"53493","53500","8"
"53502","53503","2"
"53505","53509","5"
"53511","53515","5"
"53517","53521","5"
"53523","53524","2"
"53526","53528","3"
"53531","53531","1"
"53533","53536","4"
"53539","53539","1"
"53541","53548","8"
"53550","53556","7"
"53559","53572","14"
"53574","53580","7"
"53582","53587","6"
"53590","53593","4"
"53595","53596","2"
"53598","53604","7"
"53607","53616","10"
"53618","53618","1"
"53620","53620","1"
"53622","53622","1"
"53624","53624","1"
"53626","53626","1"
"53628","53628","1"
"53630","53630","1"
"53632","53632","1"
"53638","53638","1"
"53640","53640","1"
"53644","53666","23"
"53668","53668","1"
"53670","53670","1"
"53674","53674","1"
"53676","53682","7"
"53684","53689","6"
"53692","53729","38"
"53732","53741","10"
"53744","53749","6"
"53752","53789","38"
"53792","53801","10"
"53804","53809","6"
"53812","53849","38"
"53852","53861","10"
"53864","53869","6"
"53872","53909","38"
"53912","53921","10"
"53924","53929","6"
"53932","53969","38"
"53972","53981","10"
"53984","53989","6"
"53992","54029","38"
"54032","54041","10"
"54044","54049","6"
"54052","54076","25"
"54084","54089","6"
"54092","54101","10"
"54104","54109","6"
"54112","54124","13"
"54126","54126","1"
"54128","54128","1"
"54130","54130","1"
"54132","54132","1"
"54134","54134","1"
"54136","54136","1"
"54138","54138","1"
"54140","54243","104"
"54245","54248","4"
"54251","54251","1"
"54256","54257","2"
"54259","54259","1"
"54262","54263","2"
"54265","54266","2"
"54268","54280","13"
"54282","54282","1"
"54285","54288","4"
"54291","54291","1"
"54295","54295","1"
"54299","54299","1"
"54301","54307","7"
"54309","54314","6"
"54317","54354","38"
"54357","54366","10"
"54369","54374","6"
"54377","54405","29"
"54409","54414","6"
"54417","54426","10"
"54429","54434","6"
"54437","54449","13"
"54451","54461","11"
"54469","54474","6"
"54477","54486","10"
"54489","54494","6"
"54497","54509","13"
"54511","54511","1"
"54513","54513","1"
"54515","54515","1"
"54517","54517","1"
"54519","54519","1"
"54521","54521","1"
"54523","54523","1"
"54525","54546","22"
"54548","54576","29"
"54578","54588","11"
"54590","54594","5"
"54596","54642","47"
"54644","54644","1"
"54647","54649","3"
"54654","54660","7"
"54662","54667","6"
"54670","54692","23"
"54702","54707","6"
"54710","54719","10"
"54722","54727","6"
"54730","54740","11"
"54742","54755","14"
"54762","54767","6"
"54770","54779","10"
"54782","54787","6"
"54790","54815","26"
"54822","54827","6"
"54830","54839","10"
"54842","54847","6"
"54850","54875","26"
"54882","54887","6"
"54890","54899","10"
"54902","54907","6"
"54910","54935","26"
"54942","54947","6"
"54950","54959","10"
"54962","54967","6"
"54970","54995","26"
"55002","55007","6"
"55010","55019","10"
"55022","55027","6"
"55030","55055","26"
"55062","55067","6"
"55070","55079","10"
"55082","55087","6"
"55090","55115","26"
"55122","55127","6"
"55130","55139","10"
"55142","55147","6"
"55150","55175","26"
"55182","55187","6"
"55190","55199","10"
"55202","55207","6"
"55210","55235","26"
"55242","55247","6"
"55250","55259","10"
"55262","55267","6"
"55270","55295","26"
"55302","55307","6"
"55310","55319","10"
"55322","55327","6"
"55330","55355","26"
"55362","55367","6"
"55370","55379","10"
"55382","55387","6"
"55390","55427","38"
"55430","55439","10"
"55442","55447","6"
"55450","55487","38"
"55490","55499","10"
"55502","55507","6"
"55510","55530","21"
"55542","55547","6"
"55550","55555","6"
"55558","55558","1"
"55566","55566","1"
"55570","55582","13"
"55594","55599","6"
"55602","55607","6"
"55610","55610","1"
"55618","55618","1"
"55622","55642","21"
"55654","55659","6"
"55662","55667","6"
"55670","55670","1"
"55678","55678","1"
"83523","83523","1"
"95817","95822","6"
"95973","95974","2"
"95982","95983","2"
"95986","95986","1"
"95991","95992","2"
"95995","95995","1"
"96000","96001","2"
"96004","96004","1"
"96009","96010","2"
"96013","96013","1"
"96018","96019","2"
"96114","96114","1"
"96123","96124","2"
"96127","96127","1"
"96132","96133","2"
"96136","96136","1"
"96141","96141","1"
"104234","104241","8"
"104246","104247","2"
"104250","104257","8"
"1338781","1338784","4"
"1338789","1338789","1"
"1339095","1339098","4"
