catalogue_id,link_status,physical_guid,source_wad,source_level_dcb,source_level_export_offsets,proposed_region_summary_target,proposed_target_source,mapmaster_target_string_offsets,quests_target_record_offset,dcb_identity_reference_hit_count,map_world_point,unresolved_reason
legendary_chest_040af4fa440ef7ba52f8e8b317ac3200,UNRESOLVED_NO_UNIQUE_NATIVE_LINK,040af4fa-440e-f7ba-52f8-e8b317ac3200,alf600_templeint.wad,wad_alf600_templeint.dcb,0x15B0B,RegionSummary_LegendaryChest_Parent_Alfheim,unique_region_family_inference,0xE9B8,0x2D370,0,,Stock Legendary script selects current player region at open. Native target and level records have no proved edge from this physical chest to that active region; target names are indirect.
legendary_chest_0a04b4de469f3b030064d6827966b213,UNRESOLVED_NO_UNIQUE_NATIVE_LINK,0a04b4de-469f-3b03-0064-d6827966b213,foot400_arena.wad,wad_foot400_arena.dcb,0xBDBE,RegionSummary_LegendaryChest_Parent_Foothills,unique_region_family_inference,0x2660,0x2CCD8,0,,Stock Legendary script selects current player region at open. Native target and level records have no proved edge from this physical chest to that active region; target names are indirect.
legendary_chest_11e085df4bd47deee3a3448bff9efc62,UNRESOLVED_NO_UNIQUE_NATIVE_LINK,11e085df-4bd4-7dee-e3a3-448bff9efc62,riv475_freyahouseext.wad,wad_riv475_freyahouseext.dcb,0xC732,RegionSummary_LegendaryChest_Parent_Riverpass,unique_region_family_inference,0x7D70,0x2CB40,0,,Stock Legendary script selects current player region at open. Native target and level records have no proved edge from this physical chest to that active region; target names are indirect.
legendary_chest_23d3213f45e38b632ed8048e876e472d,UNRESOLVED_NO_UNIQUE_NATIVE_LINK,23d3213f-45e3-8b63-2ed8-048e876e472d,xpl900_islandarch.wad,wad_xpl900_islandarch.dcb,0xD294,RegionSummary_LegendaryChest_Parent_IslandArch,unique_region_family_inference,0xC220,0x2D0B0,0,,Stock Legendary script selects current player region at open. Native target and level records have no proved edge from this physical chest to that active region; target names are indirect.
legendary_chest_36cb588e41cb27a4668052b4529b98a6,UNRESOLVED_NO_UNIQUE_NATIVE_LINK,36cb588e-41cb-27a4-6680-52b4529b98a6,riv925_freyacave.wad,wad_riv925_freyacave.dcb,0xAE67,RegionSummary_LegendaryChest_Parent_Riverpass,unique_region_family_inference,0x7D70,0x2CB40,0,,Stock Legendary script selects current player region at open. Native target and level records have no proved edge from this physical chest to that active region; target names are indirect.
legendary_chest_48f9e1694dc722a549f42893d5b79d9f,UNRESOLVED_NO_UNIQUE_NATIVE_LINK,48f9e169-4dc7-22a5-49f4-2893d5b79d9f,alfdgn110_main.wad,wad_alfdgn110_main.dcb,0xD8AC,RegionSummary_LegendaryChest_Parent_Alfheim,unique_region_family_inference,0xE9B8,0x2D370,0,,Stock Legendary script selects current player region at open. Native target and level records have no proved edge from this physical chest to that active region; target names are indirect.
legendary_chest_50480b3a40fe25c4770f81a7261cbcb8,UNRESOLVED_NO_UNIQUE_NATIVE_LINK,50480b3a-40fe-25c4-770f-81a7261cbcb8,xpl980_beachwaterfall.wad,wad_xpl980_beachwaterfall.dcb,0x320CE,RegionSummary_LegendaryChest_Parent_BeachWaterfall,unique_region_family_inference,0x97F0,0x2CD60,0,,Stock Legendary script selects current player region at open. Native target and level records have no proved edge from this physical chest to that active region; target names are indirect.
legendary_chest_510bd86441ac6a7b71d4f59321c2a08f,UNRESOLVED_NO_UNIQUE_NATIVE_LINK,510bd864-41ac-6a7b-71d4-f59321c2a08f,foot200_mid.wad,wad_foot200_mid.dcb,0xB786,RegionSummary_LegendaryChest_Parent_Foothills,unique_region_family_inference,0x2660,0x2CCD8,0,,Stock Legendary script selects current player region at open. Native target and level records have no proved edge from this physical chest to that active region; target names are indirect.
legendary_chest_529343984fc313504ac20da874d05c01,UNRESOLVED_NO_UNIQUE_NATIVE_LINK,52934398-4fc3-1350-4ac2-0da874d05c01,xpl920_islandclimb.wad,wad_xpl920_islandclimb.dcb,0x314A5,RegionSummary_LegendaryChest_Parent_IslandClimb,unique_region_family_inference,0xC3E8,0x2CF98,0,,Stock Legendary script selects current player region at open. Native target and level records have no proved edge from this physical chest to that active region; target names are indirect.
legendary_chest_5618d560426940a02e5b39a340c0c209,UNRESOLVED_NO_UNIQUE_NATIVE_LINK,5618d560-4269-40a0-2e5b-39a340c0c209,hel100_calderaheldressing.wad,wad_hel100_calderaheldressing.dcb,0xC966,RegionSummary_LegendaryChest_Parent_Helheim,unique_region_family_inference,0xF5E0,0x2CC50,0,,Stock Legendary script selects current player region at open. Native target and level records have no proved edge from this physical chest to that active region; target names are indirect.
legendary_chest_5b424870484e691ce32d19be71a03059,UNRESOLVED_NO_UNIQUE_NATIVE_LINK,5b424870-484e-691c-e32d-19be71a03059,cal100_hub.wad,wad_cal100_hub.dcb,0xCD38,RegionSummary_LegendaryChest_Parent_CalderaShores,unique_region_family_inference,0x5AF8,0x2CE78,0,,Stock Legendary script selects current player region at open. Native target and level records have no proved edge from this physical chest to that active region; target names are indirect.
legendary_chest_7a71d104452e16e39a25bb8a14e47343,UNRESOLVED_NO_UNIQUE_NATIVE_LINK,7a71d104-452e-16e3-9a25-bb8a14e47343,xpl850_dungeonforest.wad,wad_xpl850_dungeonforest.dcb,0x3252E,RegionSummary_LegendaryChest_Parent_ForestDungeon,unique_region_family_inference,0xA560,0x2D138,0,,Stock Legendary script selects current player region at open. Native target and level records have no proved edge from this physical chest to that active region; target names are indirect.
legendary_chest_8002f429448617523d189cbd93b23d4b,UNRESOLVED_NO_UNIQUE_NATIVE_LINK,8002f429-4486-1752-3d18-9cbd93b23d4b,hel100_calderaheldressing.wad,wad_hel100_calderaheldressing.dcb,0xC966,RegionSummary_LegendaryChest_Parent_Helheim,unique_region_family_inference,0xF5E0,0x2CC50,0,,Stock Legendary script selects current player region at open. Native target and level records have no proved edge from this physical chest to that active region; target names are indirect.
legendary_chest_890a24d24d2864a1567af691c615870f,UNRESOLVED_NO_UNIQUE_NATIVE_LINK,890a24d2-4d28-64a1-567a-f691c615870f,xpl100_httk.wad,wad_xpl100_httk.dcb,0xC5A8,RegionSummary_LegendaryChest_Parent_HTTK,unique_region_family_inference,0xBF90,0x2D2E8,0,,Stock Legendary script selects current player region at open. Native target and level records have no proved edge from this physical chest to that active region; target names are indirect.
legendary_chest_8aabd22a44df8f25a955fe8e04fc0d95,UNRESOLVED_NO_UNIQUE_NATIVE_LINK,8aabd22a-44df-8f25-a955-fe8e04fc0d95,riv100_dangersentrance.wad,wad_riv100_dangersentrance.dcb,0xBE38,RegionSummary_LegendaryChest_Parent_Riverpass,unique_region_family_inference,0x7D70,0x2CB40,0,,Stock Legendary script selects current player region at open. Native target and level records have no proved edge from this physical chest to that active region; target names are indirect.
legendary_chest_91a9f92a45d2d3fdb92279b4612ab5d7,UNRESOLVED_NO_UNIQUE_NATIVE_LINK,91a9f92a-45d2-d3fd-b922-79b4612ab5d7,alf370_moatscripting.wad,wad_alf370_moatscripting.dcb,0xB188,RegionSummary_LegendaryChest_Parent_Alfheim,unique_region_family_inference,0xE9B8,0x2D370,0,,Stock Legendary script selects current player region at open. Native target and level records have no proved edge from this physical chest to that active region; target names are indirect.
legendary_chest_9226bd444f0f0b95dbeb7c927c6b317b,UNRESOLVED_NO_UNIQUE_NATIVE_LINK,9226bd44-4f0f-0b95-dbeb-7c927c6b317b,xpl900_islandarch.wad,wad_xpl900_islandarch.dcb,0xD294,RegionSummary_LegendaryChest_Parent_IslandArch,unique_region_family_inference,0xC220,0x2D0B0,0,,Stock Legendary script selects current player region at open. Native target and level records have no proved edge from this physical chest to that active region; target names are indirect.
legendary_chest_957a57b3456bd17fd24751a66dbcf01c,UNRESOLVED_NO_UNIQUE_NATIVE_LINK,957a57b3-456b-d17f-d247-51a66dbcf01c,hel300_mainbridge.wad,wad_hel300_mainbridge.dcb,0xE684,RegionSummary_LegendaryChest_Parent_Helheim,unique_region_family_inference,0xF5E0,0x2CC50,0,,Stock Legendary script selects current player region at open. Native target and level records have no proved edge from this physical chest to that active region; target names are indirect.
legendary_chest_9c0dc602456a00fa44bca1a3b599cf67,UNRESOLVED_NO_UNIQUE_NATIVE_LINK,9c0dc602-456a-00fa-44bc-a1a3b599cf67,xpl910_islandshipwreck.wad,wad_xpl910_islandshipwreck.dcb,0x334D8,RegionSummary_LegendaryChest_Parent_IslandShipwreck,unique_region_family_inference,0xC708,0x2D020,0,,Stock Legendary script selects current player region at open. Native target and level records have no proved edge from this physical chest to that active region; target names are indirect.
legendary_chest_9d7648ab43bf99f90b0cbd86b0a998f1,UNRESOLVED_NO_UNIQUE_NATIVE_LINK,9d7648ab-43bf-99f9-0b0c-bd86b0a998f1,xpl400_huldramines.wad,wad_xpl400_huldramines.dcb,0xBE66,RegionSummary_LegendaryChest_Parent_HuldraMine01,unique_region_family_inference,0xAC30,0x2D1C8,0,,Stock Legendary script selects current player region at open. Native target and level records have no proved edge from this physical chest to that active region; target names are indirect.
legendary_chest_9f29650a4a8a5d0eb8bc43af1dbd3d68,UNRESOLVED_NO_UNIQUE_NATIVE_LINK,9f29650a-4a8a-5d0e-b8bc-43af1dbd3d68,peak200_chimneylow.wad,wad_peak200_chimneylow.dcb,0xB833,RegionSummary_LegendaryChest_Parent_Peakspass,unique_region_family_inference,0x8C00,0x2CBC8,0,,Stock Legendary script selects current player region at open. Native target and level records have no proved edge from this physical chest to that active region; target names are indirect.
legendary_chest_ace99ef5472abcbac29bd2b396a3fdf3,UNRESOLVED_NO_UNIQUE_NATIVE_LINK,ace99ef5-472a-bcba-c29b-d2b396a3fdf3,xpl980_beachwaterfall.wad,wad_xpl980_beachwaterfall.dcb,0x320CE,RegionSummary_LegendaryChest_Parent_BeachWaterfall,unique_region_family_inference,0x97F0,0x2CD60,0,,Stock Legendary script selects current player region at open. Native target and level records have no proved edge from this physical chest to that active region; target names are indirect.
legendary_chest_ae9454d54e9c9a23f21941b41a4038d3,UNRESOLVED_NO_UNIQUE_NATIVE_LINK,ae9454d5-4e9c-9a23-f219-41b41a4038d3,riv925_freyacave.wad,wad_riv925_freyacave.dcb,0xAE67,RegionSummary_LegendaryChest_Parent_Riverpass,unique_region_family_inference,0x7D70,0x2CB40,0,,Stock Legendary script selects current player region at open. Native target and level records have no proved edge from this physical chest to that active region; target names are indirect.
legendary_chest_b97f559c471fab8850a2ae8741370020,UNRESOLVED_NO_UNIQUE_NATIVE_LINK,b97f559c-471f-ab88-50a2-ae8741370020,alfdgn210_main.wad,wad_alfdgn210_main.dcb,0xD30A,RegionSummary_LegendaryChest_Parent_Alfheim,unique_region_family_inference,0xE9B8,0x2D370,0,,Stock Legendary script selects current player region at open. Native target and level records have no proved edge from this physical chest to that active region; target names are indirect.
legendary_chest_b9e3be9a46c248cc0ddc159643259c52,UNRESOLVED_NO_UNIQUE_NATIVE_LINK,b9e3be9a-46c2-48cc-0ddc-159643259c52,xpl960_beachship.wad,wad_xpl960_beachship.dcb,0x30E67,RegionSummary_LegendaryChest_Parent_BeachShipwreck,unique_region_family_inference,0x9E58,0x2CF08,0,,Stock Legendary script selects current player region at open. Native target and level records have no proved edge from this physical chest to that active region; target names are indirect.
legendary_chest_c14a0f2b4559d859347854bccb307f63,UNRESOLVED_NO_UNIQUE_NATIVE_LINK,c14a0f2b-4559-d859-3478-54bccb307f63,alf340_trenchbdark.wad,wad_alf340_trenchbdark.dcb,0x136AF,RegionSummary_LegendaryChest_Parent_Alfheim,unique_region_family_inference,0xE9B8,0x2D370,0,,Stock Legendary script selects current player region at open. Native target and level records have no proved edge from this physical chest to that active region; target names are indirect.
legendary_chest_d0b93e274754785e08235285bd6b78f2,UNRESOLVED_NO_UNIQUE_NATIVE_LINK,d0b93e27-4754-785e-0823-5285bd6b78f2,cal500_runevault.wad,wad_cal500_runevault.dcb,0xDE5A,RegionSummary_LegendaryChest_Parent_TyrsVault,corrected_map_count_scope_proof,0x60F0,0x2D3F8,0,,Stock Legendary script selects current player region at open. Native target and level records have no proved edge from this physical chest to that active region; target names are indirect.
legendary_chest_d63295f244f330219b003c913c0dab69,UNRESOLVED_NO_UNIQUE_NATIVE_LINK,d63295f2-44f3-3021-9b00-3c913c0dab69,peak720_summitascenthub.wad,wad_peak720_summitascenthub.dcb,0xCB49,RegionSummary_LegendaryChest_Parent_Peakspass,unique_region_family_inference,0x8C00,0x2CBC8,0,,Stock Legendary script selects current player region at open. Native target and level records have no proved edge from this physical chest to that active region; target names are indirect.
legendary_chest_d6d6acfe444f2ad10b49cea2ba85a1eb,UNRESOLVED_NO_UNIQUE_NATIVE_LINK,d6d6acfe-444f-2ad1-0b49-cea2ba85a1eb,xpl250_funeralinterior.wad,wad_xpl250_funeralinterior.dcb,0xB98F,RegionSummary_LegendaryChest_Parent_VikingFuneral,unique_region_family_inference,0xD818,0x2D258,0,,Stock Legendary script selects current player region at open. Native target and level records have no proved edge from this physical chest to that active region; target names are indirect.
legendary_chest_d6fb0fd64364453cc3e334a2454e0b75,UNRESOLVED_NO_UNIQUE_NATIVE_LINK,d6fb0fd6-4364-453c-c3e3-34a2454e0b75,xpl910_islandshipwreck.wad,wad_xpl910_islandshipwreck.dcb,0x334D8,RegionSummary_LegendaryChest_Parent_IslandShipwreck,unique_region_family_inference,0xC708,0x2D020,0,,Stock Legendary script selects current player region at open. Native target and level records have no proved edge from this physical chest to that active region; target names are indirect.
legendary_chest_ede160a54530f55a7667f5a39257843c,UNRESOLVED_NO_UNIQUE_NATIVE_LINK,ede160a5-4530-f55a-7667-f5a39257843c,xpl950_beachmaze.wad,wad_xpl950_beachmaze.dcb,0x3269D,RegionSummary_LegendaryChest_Parent_BeachMaze,unique_region_family_inference,0x9A90,0x2CDF0,0,,Stock Legendary script selects current player region at open. Native target and level records have no proved edge from this physical chest to that active region; target names are indirect.
legendary_chest_f714d2d845a3dd9e28808db4655e757f,UNRESOLVED_NO_UNIQUE_NATIVE_LINK,f714d2d8-45a3-dd9e-2880-8db4655e757f,cal740_leftwing.wad,wad_cal740_leftwing.dcb,0xB94B,RegionSummary_LegendaryChest_Parent_TheHallofTyr,corrected_map_count_scope_proof,0x611E,0x2D480,0,,Stock Legendary script selects current player region at open. Native target and level records have no proved edge from this physical chest to that active region; target names are indirect.
legendary_chest_ff46dfab43efcfc6f0f382a33e2b571d,UNRESOLVED_NO_UNIQUE_NATIVE_LINK,ff46dfab-43ef-cfc6-f0f3-82a33e2b571d,peak500_chimneytop.wad,wad_peak500_chimneytop.dcb,0xDA66,RegionSummary_LegendaryChest_Parent_Peakspass,unique_region_family_inference,0x8C00,0x2CBC8,0,,Stock Legendary script selects current player region at open. Native target and level records have no proved edge from this physical chest to that active region; target names are indirect.
