catalogue_id,physical_guid,physical_state_key,native_state_path,catalogue_key_matches_native_path,native_state_path_record_id,native_state_path_record_offset,wad,world_x,world_y,world_z,native_gameobject_registry_hash,native_gameobject_object_hash,native_serialized_state_key_hex,local_bridge_status,staged_state_raw_hex,region_quest_claim,region_quest_record_offset,region_quest_membership_proven,event_or_objective_identity,unresolved_reason
legendary_chest_040af4fa440ef7ba52f8e8b317ac3200,040af4fa-440e-f7ba-52f8-e8b317ac3200,040af4fa-440e-f7ba-52f8-e8b317ac3200.b36ec130-4042-2d81-123a-9db40831d654,040af4fa-440e-f7ba-52f8-e8b317ac3200.b36ec130-4042-2d81-123a-9db40831d654,True,faf40a04baf70e44b3e8f8520133ac17,0x1E80E50,alf600_templeint.wad,449.326551836818,0.6959366383590435,554.9825271786149,0x6EFCEDEEF433D3AF,0x6CE4491007BAF553,01afd333f4eeedfc6e53f5ba071049e46c,PROVEN_LOCAL_PERSISTED_STATE_BRIDGE,0100008040,RegionSummary_LegendaryChest_Parent_Alfheim,0x2D370,False,,
legendary_chest_0a04b4de469f3b030064d6827966b213,0a04b4de-469f-3b03-0064-d6827966b213,0a04b4de-469f-3b03-0064-d6827966b213.b36ec130-4042-2d81-123a-9db40831d654,0a04b4de-469f-3b03-0064-d6827966b213.b36ec130-4042-2d81-123a-9db40831d654,True,deb4040a033b9f4682d6640014b36679,0x329FE10,foot400_arena.wad,-377.5042724609375,38.04733657836914,374.8517150878906,0xD72DBF5AE7E1858D,0x09DAEF3A621B6AAF,018d85e1e75abf2dd7af6a1b623aefda09,PROVEN_LOCAL_PERSISTED_STATE_BRIDGE,0100008040,RegionSummary_LegendaryChest_Parent_Foothills,0x2CCD8,False,,
legendary_chest_11e085df4bd47deee3a3448bff9efc62,11e085df-4bd4-7dee-e3a3-448bff9efc62,11e085df-4bd4-7dee-e3a3-448bff9efc62.b36ec130-4042-2d81-123a-9db40831d654,11e085df-4bd4-7dee-e3a3-448bff9efc62.b36ec130-4042-2d81-123a-9db40831d654,True,df85e011ee7dd44b8b44a3e363fd9eff,0x4739980,riv475_freyahouseext.wad,-454.25,59.0,7.0,0xDD70AB1094347191,0x4FA6C82A0DC3A612,019171349410ab70dd12a6c30d2ac8a64f,PROVEN_LOCAL_PERSISTED_STATE_BRIDGE,0100008040,RegionSummary_LegendaryChest_Parent_Riverpass,0x2CB40,False,,
legendary_chest_23d3213f45e38b632ed8048e876e472d,23d3213f-45e3-8b63-2ed8-048e876e472d,23d3213f-45e3-8b63-2ed8-048e876e472d.b36ec130-4042-2d81-123a-9db40831d654,23d3213f-45e3-8b63-2ed8-048e876e472d.b36ec130-4042-2d81-123a-9db40831d654,True,3f21d323638be3458e04d82e2e486e87,0x12A7A60,xpl900_islandarch.wad,35.31472457867079,-25.01800036430359,306.75586361372115,0x0B3F744DB7E8D4D1,0xD22F80A99F65461B,01d1d4e8b74d743f0b1b46659fa9802fd2,PROVEN_LOCAL_PERSISTED_STATE_BRIDGE,010000803f,RegionSummary_LegendaryChest_Parent_IslandArch,0x2D0B0,False,,
legendary_chest_36cb588e41cb27a4668052b4529b98a6,36cb588e-41cb-27a4-6680-52b4529b98a6,36cb588e-41cb-27a4-6680-52b4529b98a6.b36ec130-4042-2d81-123a-9db40831d654,36cb588e-41cb-27a4-6680-52b4529b98a6.b36ec130-4042-2d81-123a-9db40831d654,True,8e58cb36a427cb41b4528066a7999b52,0x5B77980,riv925_freyacave.wad,-411.79998779296875,42.5,2.25,0x7F66A60A971B6713,0x7763E1E104028C98,0113671b970aa6667f988c0204e1e16377,PROVEN_LOCAL_PERSISTED_STATE_BRIDGE,0100008040,RegionSummary_LegendaryChest_Parent_Riverpass,0x2CB40,False,,
legendary_chest_48f9e1694dc722a549f42893d5b79d9f,48f9e169-4dc7-22a5-49f4-2893d5b79d9f,48f9e169-4dc7-22a5-49f4-2893d5b79d9f.b36ec130-4042-2d81-123a-9db40831d654,48f9e169-4dc7-22a5-49f4-2893d5b79d9f.b36ec130-4042-2d81-123a-9db40831d654,True,69e1f948a522c74d9328f449a09eb7d5,0x13B5FC0,alfdgn110_main.wad,62.930845848712806,1.4350001999735804,427.7040412498762,0xF831C120085DF15F,0x8A8E3909F06B56AF,015ff15d0820c131f8af566bf009398e8a,PROVEN_LOCAL_PERSISTED_STATE_BRIDGE,0100008040,RegionSummary_LegendaryChest_Parent_Alfheim,0x2D370,False,,
legendary_chest_50480b3a40fe25c4770f81a7261cbcb8,50480b3a-40fe-25c4-770f-81a7261cbcb8,50480b3a-40fe-25c4-770f-81a7261cbcb8.b36ec130-4042-2d81-123a-9db40831d654,50480b3a-40fe-25c4-770f-81a7261cbcb8.b36ec130-4042-2d81-123a-9db40831d654,True,3a0b4850c425fe40a7810f77b9bd1c26,0x2C97BE0,xpl980_beachwaterfall.wad,143.12376021628353,-2.6823670864105225,382.3302518460225,0xBDA4FFF9DA4F4124,0x0E3CB0A0F6B3B0F3,0124414fdaf9ffa4bdf3b0b3f6a0b03c0e,PROVEN_LOCAL_PERSISTED_STATE_BRIDGE,0100008040,RegionSummary_LegendaryChest_Parent_BeachWaterfall,0x2CD60,False,,
legendary_chest_510bd86441ac6a7b71d4f59321c2a08f,510bd864-41ac-6a7b-71d4-f59321c2a08f,510bd864-41ac-6a7b-71d4-f59321c2a08f.b36ec130-4042-2d81-123a-9db40831d654,510bd864-41ac-6a7b-71d4-f59321c2a08f.b36ec130-4042-2d81-123a-9db40831d654,True,64d80b517b6aac4193f5d47190a1c221,0x34B06B0,foot200_mid.wad,-394.4670104980469,23.17099952697754,287.92401123046875,0x7D93E8A9967AE871,0x9A34E829D84ACDB1,0171e87a96a9e8937db1cd4ad829e8349a,PROVEN_LOCAL_PERSISTED_STATE_BRIDGE,0100008040,RegionSummary_LegendaryChest_Parent_Foothills,0x2CCD8,False,,
legendary_chest_529343984fc313504ac20da874d05c01,52934398-4fc3-1350-4ac2-0da874d05c01,52934398-4fc3-1350-4ac2-0da874d05c01.b36ec130-4042-2d81-123a-9db40831d654,52934398-4fc3-1350-4ac2-0da874d05c01.b36ec130-4042-2d81-123a-9db40831d654,True,984393525013c34fa80dc24a025dd074,0x2174A70,xpl920_islandclimb.wad,237.04469289824766,0.9680004119873047,-30.207650585440433,0x45F3C030A9EF10EF,0xFEA864DD25991BFF,01ef10efa930c0f345ff1b9925dd64a8fe,PROVEN_LOCAL_PERSISTED_STATE_BRIDGE,010000803f,RegionSummary_LegendaryChest_Parent_IslandClimb,0x2CF98,False,,
legendary_chest_5618d560426940a02e5b39a340c0c209,5618d560-4269-40a0-2e5b-39a340c0c209,5618d560-4269-40a0-2e5b-39a340c0c209.b36ec130-4042-2d81-123a-9db40831d654,5618d560-4269-40a0-2e5b-39a340c0c209.b36ec130-4042-2d81-123a-9db40831d654,True,60d51856a0406942a3395b2e0ac3c040,0x42E0D80,hel100_calderaheldressing.wad,93.84306335449219,6.0301337242126465,43.75320053100586,0x140093A4B32510D3,0xC576B2AC18840F89,01d31025b3a4930014890f8418acb276c5,PROVEN_LOCAL_PERSISTED_STATE_BRIDGE,0100008040,RegionSummary_LegendaryChest_Parent_Helheim,0x2CC50,False,,
legendary_chest_5b424870484e691ce32d19be71a03059,5b424870-484e-691c-e32d-19be71a03059,5b424870-484e-691c-e32d-19be71a03059.b36ec130-4042-2d81-123a-9db40831d654,5b424870-484e-691c-e32d-19be71a03059.b36ec130-4042-2d81-123a-9db40831d654,True,7048425b1c694e48be192de35a31a071,0x5DC0AD0,cal100_hub.wad,-49.42741012573242,-20.521053314208984,-40.00397491455078,0x93874EAADCFDA2A9,0x5E6478FDEAD88E57,01a9a2fddcaa4e8793578ed8eafd78645e,PROVEN_LOCAL_PERSISTED_STATE_BRIDGE,0100000040,RegionSummary_LegendaryChest_Parent_CalderaShores,0x2CE78,False,,
legendary_chest_7a71d104452e16e39a25bb8a14e47343,7a71d104-452e-16e3-9a25-bb8a14e47343,7a71d104-452e-16e3-9a25-bb8a14e47343.b36ec130-4042-2d81-123a-9db40831d654,7a71d104-452e-16e3-9a25-bb8a14e47343.b36ec130-4042-2d81-123a-9db40831d654,True,04d1717ae3162e458abb259a4474e414,0x85BEC70,xpl850_dungeonforest.wad,-58.53902717424626,8.423837184906006,-642.5077364812828,0xBAF9C8514445A1D3,0x0F8060BE56D5493B,01d3a1454451c8f9ba3b49d556be60800f,PROVEN_LOCAL_PERSISTED_STATE_BRIDGE,0100008040,RegionSummary_LegendaryChest_Parent_ForestDungeon,0x2D138,False,,
legendary_chest_8002f429448617523d189cbd93b23d4b,8002f429-4486-1752-3d18-9cbd93b23d4b,8002f429-4486-1752-3d18-9cbd93b23d4b.b36ec130-4042-2d81-123a-9db40831d654,8002f429-4486-1752-3d18-9cbd93b23d4b.b36ec130-4042-2d81-123a-9db40831d654,True,29f4028052178644bd9c183d4c3eb293,0x42E74F0,hel100_calderaheldressing.wad,47.28330612182617,-2.951263427734375,13.04357624053955,0x140093A4B32510D3,0xD6E4A3EBA27DC106,01d31025b3a493001406c17da2eba3e4d6,PROVEN_LOCAL_PERSISTED_STATE_BRIDGE,0100008040,RegionSummary_LegendaryChest_Parent_Helheim,0x2CC50,False,,
legendary_chest_890a24d24d2864a1567af691c615870f,890a24d2-4d28-64a1-567a-f691c615870f,890a24d2-4d28-64a1-567a-f691c615870f.b36ec130-4042-2d81-123a-9db40831d654,890a24d2-4d28-64a1-567a-f691c615870f.b36ec130-4042-2d81-123a-9db40831d654,True,d2240a89a164284d91f67a56108815c6,0x7735730,xpl100_httk.wad,301.87047576904297,-23.513999938964844,-534.9374084472656,0x75B8246420FAEB83,0xF7988EE55AF59F65,0183ebfa206424b875659ff55ae58e98f7,DERIVED_LOCAL_KEY_NO_FROZEN_STATE_OBSERVATION,,RegionSummary_LegendaryChest_Parent_HTTK,0x2D2E8,False,,No exact state observation for this current tracked row in frozen staged capture; serialized key is structural only
legendary_chest_8aabd22a44df8f25a955fe8e04fc0d95,8aabd22a-44df-8f25-a955-fe8e04fc0d95,8aabd22a-44df-8f25-a955-fe8e04fc0d95.b36ec130-4042-2d81-123a-9db40831d654,8aabd22a-44df-8f25-a955-fe8e04fc0d95.b36ec130-4042-2d81-123a-9db40831d654,True,2ad2ab8a258fdf448efe55a9960efc04,0x244C820,riv100_dangersentrance.wad,-258.3981628417969,90.0,-578.4330444335938,0x1A33A539B8775479,0x8D89C82FB275D258,01795477b839a5331a58d275b22fc8898d,PROVEN_LOCAL_PERSISTED_STATE_BRIDGE,0100008040,RegionSummary_LegendaryChest_Parent_Riverpass,0x2CB40,False,,
legendary_chest_91a9f92a45d2d3fdb92279b4612ab5d7,91a9f92a-45d2-d3fd-b922-79b4612ab5d7,91a9f92a-45d2-d3fd-b922-79b4612ab5d7.b36ec130-4042-2d81-123a-9db40831d654,91a9f92a-45d2-d3fd-b922-79b4612ab5d7.b36ec130-4042-2d81-123a-9db40831d654,True,2af9a991fdd3d245b47922b9d8b62a61,0x1C13F20,alf370_moatscripting.wad,403.1204737016655,-14.09075629170195,496.3911277988473,0x0F12045A255B45B1,0x3BB9BCF0D356F66C,01b1455b255a04120f6cf656d3f0bcb93b,PROVEN_LOCAL_PERSISTED_STATE_BRIDGE,0100008040,RegionSummary_LegendaryChest_Parent_Alfheim,0x2D370,False,,
legendary_chest_9226bd444f0f0b95dbeb7c927c6b317b,9226bd44-4f0f-0b95-dbeb-7c927c6b317b,9226bd44-4f0f-0b95-dbeb-7c927c6b317b.b36ec130-4042-2d81-123a-9db40831d654,9226bd44-4f0f-0b95-dbeb-7c927c6b317b.b36ec130-4042-2d81-123a-9db40831d654,True,44bd2692950b0f4f927cebdb7c326b7c,0x12A6DE0,xpl900_islandarch.wad,69.12615446701687,-20.879000425338745,311.6267362146935,0x0B3F744DB7E8D4D1,0xE4EB2F10110FB462,01d1d4e8b74d743f0b62b40f11102febe4,PROVEN_LOCAL_PERSISTED_STATE_BRIDGE,0100000040,RegionSummary_LegendaryChest_Parent_IslandArch,0x2D0B0,False,,
legendary_chest_957a57b3456bd17fd24751a66dbcf01c,957a57b3-456b-d17f-d247-51a66dbcf01c,957a57b3-456b-d17f-d247-51a66dbcf01c.b36ec130-4042-2d81-123a-9db40831d654,957a57b3-456b-d17f-d247-51a66dbcf01c.b36ec130-4042-2d81-123a-9db40831d654,True,b3577a957fd16b45a65147d21df1bc6d,0x3FA27F0,hel300_mainbridge.wad,333.7644958496094,1.0,50.896034240722656,0x86D134ABFB78D5BC,0x710FCBA234B03512,01bcd578fbab34d1861235b034a2cb0f71,PROVEN_LOCAL_PERSISTED_STATE_BRIDGE,0100008040,RegionSummary_LegendaryChest_Parent_Helheim,0x2CC50,False,,
legendary_chest_9c0dc602456a00fa44bca1a3b599cf67,9c0dc602-456a-00fa-44bc-a1a3b599cf67,9c0dc602-456a-00fa-44bc-a1a3b599cf67.b36ec130-4042-2d81-123a-9db40831d654,9c0dc602-456a-00fa-44bc-a1a3b599cf67.b36ec130-4042-2d81-123a-9db40831d654,True,02c60d9cfa006a45a3a1bc4468d099b5,0x25F6430,xpl910_islandshipwreck.wad,-194.27186131602303,2.5333447734507217,-246.8355027079403,0x92D63D951DE45E15,0x6C28D78E448029FC,01155ee41d953dd692fc2980448ed7286c,PROVEN_LOCAL_PERSISTED_STATE_BRIDGE,0100008040,RegionSummary_LegendaryChest_Parent_IslandShipwreck,0x2D020,False,,
legendary_chest_9d7648ab43bf99f90b0cbd86b0a998f1,9d7648ab-43bf-99f9-0b0c-bd86b0a998f1,9d7648ab-43bf-99f9-0b0c-bd86b0a998f1.b36ec130-4042-2d81-123a-9db40831d654,9d7648ab-43bf-99f9-0b0c-bd86b0a998f1.b36ec130-4042-2d81-123a-9db40831d654,True,ab48769df999bf4386bd0c0bf299a9b0,0x859CD30,xpl400_huldramines.wad,-153.41607379913333,-15.803226470947266,657.2417831420898,0xC6F27F0058C1EFE5,0xE702E71E90D53F13,01e5efc158007ff2c6133fd5901ee702e7,PROVEN_LOCAL_PERSISTED_STATE_BRIDGE,0100008040,RegionSummary_LegendaryChest_Parent_HuldraMine01,0x2D1C8,False,,
legendary_chest_9f29650a4a8a5d0eb8bc43af1dbd3d68,9f29650a-4a8a-5d0e-b8bc-43af1dbd3d68,9f29650a-4a8a-5d0e-b8bc-43af1dbd3d68.b36ec130-4042-2d81-123a-9db40831d654,9f29650a-4a8a-5d0e-b8bc-43af1dbd3d68.b36ec130-4042-2d81-123a-9db40831d654,True,0a65299f0e5d8a4aaf43bcb8693ebd1d,0x74B8660,peak200_chimneylow.wad,-356.51129150390625,140.68141174316406,793.3782958984375,0xC9CD47B2BF6AB38A,0x90E718BD51745309,018ab36abfb247cdc909537451bd18e790,PROVEN_LOCAL_PERSISTED_STATE_BRIDGE,0100008040,RegionSummary_LegendaryChest_Parent_Peakspass,0x2CBC8,False,,
legendary_chest_ace99ef5472abcbac29bd2b396a3fdf3,ace99ef5-472a-bcba-c29b-d2b396a3fdf3,ace99ef5-472a-bcba-c29b-d2b396a3fdf3.b36ec130-4042-2d81-123a-9db40831d654,ace99ef5-472a-bcba-c29b-d2b396a3fdf3.1a10ffb6-4e57-7e17-2604-f4b11ae71140.b36ec130-4042-2d81-123a-9db40831d654,False,f59ee9acbabc2a47b3d29bc2f4fea396,0x2C98970,xpl980_beachwaterfall.wad,96.0206266997138,-20.694000244140625,365.7096838349609,0xBDA4FFF9DA4F4124,0x20A263EB545B65EB,0124414fdaf9ffa4bdeb655b54eb63a220,PROVEN_LOCAL_PERSISTED_STATE_BRIDGE,0100004040,RegionSummary_LegendaryChest_Parent_BeachWaterfall,0x2CD60,False,,
legendary_chest_ae9454d54e9c9a23f21941b41a4038d3,ae9454d5-4e9c-9a23-f219-41b41a4038d3,ae9454d5-4e9c-9a23-f219-41b41a4038d3.b36ec130-4042-2d81-123a-9db40831d654,ae9454d5-4e9c-9a23-f219-41b41a4038d3.b36ec130-4042-2d81-123a-9db40831d654,True,d55494ae239a9c4eb44119f2d439401a,0x5B72630,riv925_freyacave.wad,-399.4270324707031,46.009830474853516,-37.59158706665039,0x7F66A60A971B6713,0x099656F362E4C68C,0113671b970aa6667f8cc6e462f3569609,PROVEN_LOCAL_PERSISTED_STATE_BRIDGE,0100008040,RegionSummary_LegendaryChest_Parent_Riverpass,0x2CB40,False,,
legendary_chest_b97f559c471fab8850a2ae8741370020,b97f559c-471f-ab88-50a2-ae8741370020,b97f559c-471f-ab88-50a2-ae8741370020.b36ec130-4042-2d81-123a-9db40831d654,b97f559c-471f-ab88-50a2-ae8741370020.b36ec130-4042-2d81-123a-9db40831d654,True,9c557fb988ab1f4787aea25021013741,0x15C82C0,alfdgn210_main.wad,368.24355861519416,7.599999690055853,278.0945959401806,0xE1341D9E766FD040,0xB96563BFDCD376BF,0140d06f769e1d34e1bf76d3dcbf6365b9,PROVEN_LOCAL_PERSISTED_STATE_BRIDGE,0100008040,RegionSummary_LegendaryChest_Parent_Alfheim,0x2D370,False,,
legendary_chest_b9e3be9a46c248cc0ddc159643259c52,b9e3be9a-46c2-48cc-0ddc-159643259c52,b9e3be9a-46c2-48cc-0ddc-159643259c52.b36ec130-4042-2d81-123a-9db40831d654,b9e3be9a-46c2-48cc-0ddc-159643259c52.b36ec130-4042-2d81-123a-9db40831d654,True,9abee3b9cc48c2469615dc0d539d2543,0x25549C0,xpl960_beachship.wad,-305.98156696034954,-3.7350006103515625,-313.7171234566855,0x69A19FA4A41E8012,0xFE9424CD1136DF1E,0112801ea4a49fa1691edf3611cd2494fe,PROVEN_LOCAL_PERSISTED_STATE_BRIDGE,0100008040,RegionSummary_LegendaryChest_Parent_BeachShipwreck,0x2CF08,False,,
legendary_chest_c14a0f2b4559d859347854bccb307f63,c14a0f2b-4559-d859-3478-54bccb307f63,c14a0f2b-4559-d859-3478-54bccb307f63.b36ec130-4042-2d81-123a-9db40831d654,c14a0f2b-4559-d859-3478-54bccb307f63.b36ec130-4042-2d81-123a-9db40831d654,True,2b0f4ac159d85945bc547834648030cb,0x27363E0,alf340_trenchbdark.wad,207.383847970102,-15.509999065995203,351.0991389790312,0xAD4FD01E6E1A867B,0x53BE86560E8CB735,017b861a6e1ed04fad35b78c0e5686be53,PROVEN_LOCAL_PERSISTED_STATE_BRIDGE,0100008040,RegionSummary_LegendaryChest_Parent_Alfheim,0x2D370,False,,
legendary_chest_d0b93e274754785e08235285bd6b78f2,d0b93e27-4754-785e-0823-5285bd6b78f2,d0b93e27-4754-785e-0823-5285bd6b78f2.b36ec130-4042-2d81-123a-9db40831d654,d0b93e27-4754-785e-0823-5285bd6b78f2.b36ec130-4042-2d81-123a-9db40831d654,True,273eb9d05e78544785522308f3796bbd,0x56985F0,cal500_runevault.wad,-66.0018539428711,-89.97755432128906,82.39568328857422,0x83D4E320FC9597F2,0x3F6E1038E5B9BAEE,01f29795fc20e3d483eebab9e538106e3f,DERIVED_LOCAL_KEY_NO_FROZEN_STATE_OBSERVATION,,RegionSummary_LegendaryChest_Parent_TyrsVault,0x2D3F8,False,,No exact state observation for this current tracked row in frozen staged capture; serialized key is structural only
legendary_chest_d63295f244f330219b003c913c0dab69,d63295f2-44f3-3021-9b00-3c913c0dab69,d63295f2-44f3-3021-9b00-3c913c0dab69.b36ec130-4042-2d81-123a-9db40831d654,d63295f2-44f3-3021-9b00-3c913c0dab69.1a10ffb6-4e57-7e17-2604-f4b11ae71140.b36ec130-4042-2d81-123a-9db40831d654,False,f29532d62130f344913c009b6aac0d3c,0x63DFAC0,peak720_summitascenthub.wad,-463.3553771972656,1164.8253173828125,960.8094482421875,0x63E06E045427145F,0x3978566FB35C5EAD,015f142754046ee063ad5e5cb36f567839,PROVEN_LOCAL_PERSISTED_STATE_BRIDGE,0100008040,RegionSummary_LegendaryChest_Parent_Peakspass,0x2CBC8,False,,
legendary_chest_d6d6acfe444f2ad10b49cea2ba85a1eb,d6d6acfe-444f-2ad1-0b49-cea2ba85a1eb,d6d6acfe-444f-2ad1-0b49-cea2ba85a1eb.b36ec130-4042-2d81-123a-9db40831d654,d6d6acfe-444f-2ad1-0b49-cea2ba85a1eb.b36ec130-4042-2d81-123a-9db40831d654,True,feacd6d6d12a4f44a2ce490beca285ba,0x65020F0,xpl250_funeralinterior.wad,-152.5,7.5,705.0,0x7E70D534C7B07AA1,0x748BE60F37BAB846,01a17ab0c734d5707e46b8ba370fe68b74,PROVEN_LOCAL_PERSISTED_STATE_BRIDGE,0100008040,RegionSummary_LegendaryChest_Parent_VikingFuneral,0x2D258,False,,
legendary_chest_d6fb0fd64364453cc3e334a2454e0b75,d6fb0fd6-4364-453c-c3e3-34a2454e0b75,d6fb0fd6-4364-453c-c3e3-34a2454e0b75.b36ec130-4042-2d81-123a-9db40831d654,d6fb0fd6-4364-453c-c3e3-34a2454e0b75.b36ec130-4042-2d81-123a-9db40831d654,True,d60ffbd63c456443a234e3c3760c4e45,0x25C9ED0,xpl910_islandshipwreck.wad,-192.28995898033702,-14.96668517788143,-186.71769804945382,0x92D63D951DE45E15,0x8A46240742F96AD3,01155ee41d953dd692d36af9420724468a,PROVEN_LOCAL_PERSISTED_STATE_BRIDGE,0100008040,RegionSummary_LegendaryChest_Parent_IslandShipwreck,0x2D020,False,,
legendary_chest_ede160a54530f55a7667f5a39257843c,ede160a5-4530-f55a-7667-f5a39257843c,ede160a5-4530-f55a-7667-f5a39257843c.b36ec130-4042-2d81-123a-9db40831d654,ede160a5-4530-f55a-7667-f5a39257843c.b36ec130-4042-2d81-123a-9db40831d654,True,a560e1ed5af53045a3f567763d855792,0x32305B0,xpl950_beachmaze.wad,-185.1200031483653,-20.280537009239197,253.38048333398194,0xA25E174E13DB1031,0xEE28511073BA9E35,013110db134e175ea2359eba73105128ee,PROVEN_LOCAL_PERSISTED_STATE_BRIDGE,0100000040,RegionSummary_LegendaryChest_Parent_BeachMaze,0x2CDF0,False,,
legendary_chest_f714d2d845a3dd9e28808db4655e757f,f714d2d8-45a3-dd9e-2880-8db4655e757f,f714d2d8-45a3-dd9e-2880-8db4655e757f.b36ec130-4042-2d81-123a-9db40831d654,f714d2d8-45a3-dd9e-2880-8db4655e757f.b36ec130-4042-2d81-123a-9db40831d654,True,d8d214f79edda345b48d802880765e65,0x17E3330,cal740_leftwing.wad,8.554201126098633,-41.0285758972168,10.19240951538086,0x2C63B79DD31F01F3,0xEEF1DE0863CC4F32,01f3011fd39db7632c324fcc6308def1ee,DERIVED_LOCAL_KEY_NO_FROZEN_STATE_OBSERVATION,,RegionSummary_LegendaryChest_Parent_TheHallofTyr,0x2D480,False,,No exact state observation for this current tracked row in frozen staged capture; serialized key is structural only
legendary_chest_ff46dfab43efcfc6f0f382a33e2b571d,ff46dfab-43ef-cfc6-f0f3-82a33e2b571d,ff46dfab-43ef-cfc6-f0f3-82a33e2b571d.b36ec130-4042-2d81-123a-9db40831d654,ff46dfab-43ef-cfc6-f0f3-82a33e2b571d.b36ec130-4042-2d81-123a-9db40831d654,True,abdf46ffc6cfef43a382f3f01e582b3e,0x4C2E530,peak500_chimneytop.wad,-454.8589782714844,1172.625,858.6287841796875,0x1BE90A0AB22775A5,0x26391CCE7A69F5F9,01a57527b20a0ae91bf9f5697ace1c3926,PROVEN_LOCAL_PERSISTED_STATE_BRIDGE,0100000040,RegionSummary_LegendaryChest_Parent_Peakspass,0x2CBC8,False,,
