catalogue_id,status,physical_guid,state_carrier_guid,progression_instance_key,wad,coordinate_wad,world_x,world_y,world_z,source_wad_sha256,source_placement_override_record_id,transform_record_path,issues
legendary_chest_040af4fa440ef7ba52f8e8b317ac3200,VERIFIED_PLACEMENT,040af4fa-440e-f7ba-52f8-e8b317ac3200,b36ec130-4042-2d81-123a-9db40831d654,040af4fa-440e-f7ba-52f8-e8b317ac3200.b36ec130-4042-2d81-123a-9db40831d654,alf600_templeint.wad,WAD_alf600_templeint,449.326551836818,0.6959366383590435,554.9825271786149,a2880c5ee4cbf7d4ed3820dc07168bc7cd876b8ad45db6c2accf039353bfc26b,faf40a04baf70e44b3e8f8520133ac17,30c16eb3812d4240b49d3a1255d63108>f5764bcda04a172490a08ba2959b6d96>faf40a04baf70e44b3e8f8520132ac17>347e66eb856a4a4491efa6adf55a6b2c>4ff9c55a773aff45b5c4d1619d0d7475>cdee1c456148560106031fb1c1353d9d,
legendary_chest_0a04b4de469f3b030064d6827966b213,VERIFIED_PLACEMENT,0a04b4de-469f-3b03-0064-d6827966b213,b36ec130-4042-2d81-123a-9db40831d654,0a04b4de-469f-3b03-0064-d6827966b213.b36ec130-4042-2d81-123a-9db40831d654,foot400_arena.wad,WAD_foot400_arena,-377.5042724609375,38.04733657836914,374.8517150878906,fe22f80c32a064b3294610d3afe3a22358b8db4a89319a9a271104c09912990d,deb4040a033b9f4682d6640014b36679,30c16eb3812d4240b49d3a1255d63108>f5764bcda04a172490a08ba2959b6d96>deb4040a033b9f4682d6640014b26679>8bd7f6203578d24b8732e4628968ca01>c321cf489784974fa89dc74fc5252da4>8d4709e4d66dd54badb9d2c4fda5aee6,
legendary_chest_11e085df4bd47deee3a3448bff9efc62,VERIFIED_PLACEMENT,11e085df-4bd4-7dee-e3a3-448bff9efc62,b36ec130-4042-2d81-123a-9db40831d654,11e085df-4bd4-7dee-e3a3-448bff9efc62.b36ec130-4042-2d81-123a-9db40831d654,riv475_freyahouseext.wad,WAD_riv475_freyahouseext,-454.25,59.0,7.0,403ddb9bc42191acc5b60b3117699b5c0c4814f0a7931205beb34c958a27e436,df85e011ee7dd44b8b44a3e363fd9eff,30c16eb3812d4240b49d3a1255d63108>f5764bcda04a172490a08ba2959b6d96>df85e011ee7dd44b8b44a3e363fc9eff>a2388023810224458167908978be1317,
legendary_chest_23d3213f45e38b632ed8048e876e472d,VERIFIED_PLACEMENT,23d3213f-45e3-8b63-2ed8-048e876e472d,b36ec130-4042-2d81-123a-9db40831d654,23d3213f-45e3-8b63-2ed8-048e876e472d.b36ec130-4042-2d81-123a-9db40831d654,xpl900_islandarch.wad,WAD_xpl900_islandarch,35.31472457867079,-25.01800036430359,306.75586361372115,829ccaec58da337d7f7ec2e8b04a9414b90823ec2e84830bde17d9a33d215e53,3f21d323638be3458e04d82e2e486e87,30c16eb3812d4240b49d3a1255d63108>f5764bcda04a172490a08ba2959b6d96>3f21d323638be3458e04d82e2e476e87>79f1109a08563b4399a98248dfc0851a>b07f02b25137e34e9fd8ec039ea7de94>badcb3dc0159da4d9f8b05706eab3ae6,
legendary_chest_36cb588e41cb27a4668052b4529b98a6,VERIFIED_PLACEMENT,36cb588e-41cb-27a4-6680-52b4529b98a6,b36ec130-4042-2d81-123a-9db40831d654,36cb588e-41cb-27a4-6680-52b4529b98a6.b36ec130-4042-2d81-123a-9db40831d654,riv925_freyacave.wad,WAD_riv925_freyacave,-411.79998779296875,42.5,2.25,196ea71b5f2f76b8f0b7b9661312f96c7467c6f30f251e9f82f74d6acdc6c878,8e58cb36a427cb41b4528066a7999b52,30c16eb3812d4240b49d3a1255d63108>f5764bcda04a172490a08ba2959b6d96>8e58cb36a427cb41b4528066a7989b52>079d445f478e34458ac8bdbecb656092,
legendary_chest_48f9e1694dc722a549f42893d5b79d9f,VERIFIED_PLACEMENT,48f9e169-4dc7-22a5-49f4-2893d5b79d9f,b36ec130-4042-2d81-123a-9db40831d654,48f9e169-4dc7-22a5-49f4-2893d5b79d9f.b36ec130-4042-2d81-123a-9db40831d654,alfdgn110_main.wad,WAD_alfdgn110_main,62.930845848712806,1.4350001999735804,427.7040412498762,fadc68b9148039b1ee6c32bf70499c7254a0b2e8a15838ae9a8459edf88811e6,69e1f948a522c74d9328f449a09eb7d5,30c16eb3812d4240b49d3a1255d63108>f5764bcda04a172490a08ba2959b6d96>69e1f948a522c74d9328f449a09db7d5>67995c8e3c54e0428733e44bb6e353d1>2d28b9a926a01b429b45f8c551806484>73b24e35a745ba66beb7aeb9d7db7438,
legendary_chest_50480b3a40fe25c4770f81a7261cbcb8,VERIFIED_PLACEMENT,50480b3a-40fe-25c4-770f-81a7261cbcb8,b36ec130-4042-2d81-123a-9db40831d654,50480b3a-40fe-25c4-770f-81a7261cbcb8.b36ec130-4042-2d81-123a-9db40831d654,xpl980_beachwaterfall.wad,WAD_xpl980_beachwaterfall,143.12376021628353,-2.6823670864105225,382.3302518460225,76d8ac005fe1602dc8a8adec3ce50e858657a2fcce9af608b56f3e5c24eb943f,3a0b4850c425fe40a7810f77b9bd1c26,30c16eb3812d4240b49d3a1255d63108>f5764bcda04a172490a08ba2959b6d96>3a0b4850c425fe40a7810f77b9bc1c26>a1368198e4612944834e9c867b5d223c>e9a5e43c31e1d045bc0527b3d4677f53>543241da6641524e94c22bfaded757fc,
legendary_chest_510bd86441ac6a7b71d4f59321c2a08f,VERIFIED_PLACEMENT,510bd864-41ac-6a7b-71d4-f59321c2a08f,b36ec130-4042-2d81-123a-9db40831d654,510bd864-41ac-6a7b-71d4-f59321c2a08f.b36ec130-4042-2d81-123a-9db40831d654,foot200_mid.wad,WAD_foot200_mid,-394.4670104980469,23.17099952697754,287.92401123046875,72da21fa9208ac704d906f070fd18ffec3f944c70a1d8e4953d4d895520beb26,64d80b517b6aac4193f5d47190a1c221,30c16eb3812d4240b49d3a1255d63108>f5764bcda04a172490a08ba2959b6d96>64d80b517b6aac4193f5d47190a0c221>c1990fad03f79c40998e9e6981ccce95>67c481fb6a4a2c7c92a94e98405a6b33,
legendary_chest_529343984fc313504ac20da874d05c01,VERIFIED_PLACEMENT,52934398-4fc3-1350-4ac2-0da874d05c01,b36ec130-4042-2d81-123a-9db40831d654,52934398-4fc3-1350-4ac2-0da874d05c01.b36ec130-4042-2d81-123a-9db40831d654,xpl920_islandclimb.wad,WAD_xpl920_islandclimb,237.04469289824766,0.9680004119873047,-30.207650585440433,93260129a84a2ec32452da91efccc2a55653291300e9a717d77b2d2884ee19c8,984393525013c34fa80dc24a025dd074,30c16eb3812d4240b49d3a1255d63108>f5764bcda04a172490a08ba2959b6d96>984393525013c34fa80dc24a025cd074>a157a01978bd4147b5e325fa83f84520>33cca64d1d5a8545a36e856eb02f1926,
legendary_chest_5618d560426940a02e5b39a340c0c209,VERIFIED_PLACEMENT,5618d560-4269-40a0-2e5b-39a340c0c209,b36ec130-4042-2d81-123a-9db40831d654,5618d560-4269-40a0-2e5b-39a340c0c209.b36ec130-4042-2d81-123a-9db40831d654,hel100_calderaheldressing.wad,WAD_hel100_calderaheldressing,93.84306335449219,6.0301337242126465,43.75320053100586,240cbbc6e4d1ffab9a8bd676003199a41630f2c4da88f65fe5930b7e9d2f0d38,60d51856a0406942a3395b2e0ac3c040,30c16eb3812d4240b49d3a1255d63108>f5764bcda04a172490a08ba2959b6d96>60d51856a0406942a3395b2e0ac2c040>a6db8b7a9bae0f41b249a1128a6601a3,
legendary_chest_5b424870484e691ce32d19be71a03059,VERIFIED_PLACEMENT,5b424870-484e-691c-e32d-19be71a03059,b36ec130-4042-2d81-123a-9db40831d654,5b424870-484e-691c-e32d-19be71a03059.b36ec130-4042-2d81-123a-9db40831d654,cal100_hub.wad,WAD_cal100_hub,-49.42741012573242,-20.521053314208984,-40.00397491455078,35aba8c1a40a966ff3f3537fcc5ce0b19ac5d955313fa44ad5c2d7223a563e5c,7048425b1c694e48be192de35a31a071,30c16eb3812d4240b49d3a1255d63108>f5764bcda04a172490a08ba2959b6d96>7048425b1c694e48be192de35a30a071>93159ac1ac4abe44b9948e8c3d72a96f,
legendary_chest_7a71d104452e16e39a25bb8a14e47343,VERIFIED_PLACEMENT,7a71d104-452e-16e3-9a25-bb8a14e47343,b36ec130-4042-2d81-123a-9db40831d654,7a71d104-452e-16e3-9a25-bb8a14e47343.b36ec130-4042-2d81-123a-9db40831d654,xpl850_dungeonforest.wad,WAD_xpl850_dungeonforest,-58.53902717424626,8.423837184906006,-642.5077364812828,755fe35ac00f161341ce7c522fe4143263f67097ded0a351a7b7140148dae68f,04d1717ae3162e458abb259a4474e414,30c16eb3812d4240b49d3a1255d63108>f5764bcda04a172490a08ba2959b6d96>04d1717ae3162e458abb259a4473e414>4ca23a299d98154b9c507feaaeb8b8fb>f602a353203cd34998f84857da65a27b,
legendary_chest_8002f429448617523d189cbd93b23d4b,VERIFIED_PLACEMENT,8002f429-4486-1752-3d18-9cbd93b23d4b,b36ec130-4042-2d81-123a-9db40831d654,8002f429-4486-1752-3d18-9cbd93b23d4b.b36ec130-4042-2d81-123a-9db40831d654,hel100_calderaheldressing.wad,WAD_hel100_calderaheldressing,47.28330612182617,-2.951263427734375,13.04357624053955,240cbbc6e4d1ffab9a8bd676003199a41630f2c4da88f65fe5930b7e9d2f0d38,29f4028052178644bd9c183d4c3eb293,30c16eb3812d4240b49d3a1255d63108>f5764bcda04a172490a08ba2959b6d96>29f4028052178644bd9c183d4c3db293>0756591d6c55654c84e0372f19a98110>a6db8b7a9bae0f41b249a1128a6601a3,
legendary_chest_890a24d24d2864a1567af691c615870f,VERIFIED_PLACEMENT,890a24d2-4d28-64a1-567a-f691c615870f,b36ec130-4042-2d81-123a-9db40831d654,890a24d2-4d28-64a1-567a-f691c615870f.b36ec130-4042-2d81-123a-9db40831d654,xpl100_httk.wad,WAD_xpl100_httk,301.87047576904297,-23.513999938964844,-534.9374084472656,b3fe5089424808a84e3a29daf6e8977fd91219530bc7f59f22e810dd15fb9b32,d2240a89a164284d91f67a56108815c6,30c16eb3812d4240b49d3a1255d63108>f5764bcda04a172490a08ba2959b6d96>d2240a89a164284d91f67a56108715c6>30ba4e06f378fe4fae8019cbaa0f1980>5deea84c940f5b44a00b3c3a405d405a>4673de13c1575443bcee2231a501699e,
legendary_chest_8aabd22a44df8f25a955fe8e04fc0d95,VERIFIED_PLACEMENT,8aabd22a-44df-8f25-a955-fe8e04fc0d95,b36ec130-4042-2d81-123a-9db40831d654,8aabd22a-44df-8f25-a955-fe8e04fc0d95.b36ec130-4042-2d81-123a-9db40831d654,riv100_dangersentrance.wad,WAD_riv100_dangersentrance,-258.3981628417969,90.0,-578.4330444335938,bced2738c3497c53b222b7600ab41b9e15fe3dad0a8a8cbf1dcdfbe241d3329e,2ad2ab8a258fdf448efe55a9960efc04,30c16eb3812d4240b49d3a1255d63108>f5764bcda04a172490a08ba2959b6d96>2ad2ab8a258fdf448efe55a9960dfc04>419a10677d15564f8ddffe43cb5a205b,
legendary_chest_91a9f92a45d2d3fdb92279b4612ab5d7,VERIFIED_PLACEMENT,91a9f92a-45d2-d3fd-b922-79b4612ab5d7,b36ec130-4042-2d81-123a-9db40831d654,91a9f92a-45d2-d3fd-b922-79b4612ab5d7.b36ec130-4042-2d81-123a-9db40831d654,alf370_moatscripting.wad,WAD_alf370_moatscripting,403.1204737016655,-14.09075629170195,496.3911277988473,ae310032220c09633edaafaa45b12f35b82ca5953c82fd680f016e51ac8910d3,2af9a991fdd3d245b47922b9d8b62a61,30c16eb3812d4240b49d3a1255d63108>f5764bcda04a172490a08ba2959b6d96>2af9a991fdd3d245b47922b9d8b52a61>bde44cbd03d5f74aadd016b49917e20d>8b311e10be5eb54f9afd7943930418e4>1fa7ef8c294c07d54fec6896e09744dd,
legendary_chest_9226bd444f0f0b95dbeb7c927c6b317b,VERIFIED_PLACEMENT,9226bd44-4f0f-0b95-dbeb-7c927c6b317b,b36ec130-4042-2d81-123a-9db40831d654,9226bd44-4f0f-0b95-dbeb-7c927c6b317b.b36ec130-4042-2d81-123a-9db40831d654,xpl900_islandarch.wad,WAD_xpl900_islandarch,69.12615446701687,-20.879000425338745,311.6267362146935,829ccaec58da337d7f7ec2e8b04a9414b90823ec2e84830bde17d9a33d215e53,44bd2692950b0f4f927cebdb7c326b7c,30c16eb3812d4240b49d3a1255d63108>f5764bcda04a172490a08ba2959b6d96>44bd2692950b0f4f927cebdb7c316b7c>79f1109a08563b4399a98248dfc0851a>b07f02b25137e34e9fd8ec039ea7de94>badcb3dc0159da4d9f8b05706eab3ae6,
legendary_chest_957a57b3456bd17fd24751a66dbcf01c,VERIFIED_PLACEMENT,957a57b3-456b-d17f-d247-51a66dbcf01c,b36ec130-4042-2d81-123a-9db40831d654,957a57b3-456b-d17f-d247-51a66dbcf01c.b36ec130-4042-2d81-123a-9db40831d654,hel300_mainbridge.wad,WAD_hel300_mainbridge,333.7644958496094,1.0,50.896034240722656,9cffcc4741b80a9e17a792332a84d284c7c12359b600a60dafaf9bc887bbfbd2,b3577a957fd16b45a65147d21df1bc6d,30c16eb3812d4240b49d3a1255d63108>f5764bcda04a172490a08ba2959b6d96>b3577a957fd16b45a65147d21df0bc6d>67ab361036be924385eb1940ba251406,
legendary_chest_9c0dc602456a00fa44bca1a3b599cf67,VERIFIED_PLACEMENT,9c0dc602-456a-00fa-44bc-a1a3b599cf67,b36ec130-4042-2d81-123a-9db40831d654,9c0dc602-456a-00fa-44bc-a1a3b599cf67.b36ec130-4042-2d81-123a-9db40831d654,xpl910_islandshipwreck.wad,WAD_xpl910_islandshipwreck,-194.27186131602303,2.5333447734507217,-246.8355027079403,0dced9e3fc485eaef8ab21538b6ffb9e76e62d0cd53f157330eab5751c9d72ae,02c60d9cfa006a45a3a1bc4468d099b5,30c16eb3812d4240b49d3a1255d63108>f5764bcda04a172490a08ba2959b6d96>02c60d9cfa006a45a3a1bc4468cf99b5>7aeb78e5e9bd1441945a20a7723445e5>04de77b2b14ea8418e178c47594171f5,
legendary_chest_9d7648ab43bf99f90b0cbd86b0a998f1,VERIFIED_PLACEMENT,9d7648ab-43bf-99f9-0b0c-bd86b0a998f1,b36ec130-4042-2d81-123a-9db40831d654,9d7648ab-43bf-99f9-0b0c-bd86b0a998f1.b36ec130-4042-2d81-123a-9db40831d654,xpl400_huldramines.wad,WAD_xpl400_huldramines,-153.41607379913333,-15.803226470947266,657.2417831420898,10221a8447fd200e1ca08f4a631490ce337619620442c3202a9ebcc264f70567,ab48769df999bf4386bd0c0bf299a9b0,30c16eb3812d4240b49d3a1255d63108>f5764bcda04a172490a08ba2959b6d96>ab48769df999bf4386bd0c0bf298a9b0>2a62d704c00f33449c5c3040889ddec3>786587d43d7531419036d39d849d3d3c>47dbb36368f93f40ba15acd9a72a5076,
legendary_chest_9f29650a4a8a5d0eb8bc43af1dbd3d68,VERIFIED_PLACEMENT,9f29650a-4a8a-5d0e-b8bc-43af1dbd3d68,b36ec130-4042-2d81-123a-9db40831d654,9f29650a-4a8a-5d0e-b8bc-43af1dbd3d68.b36ec130-4042-2d81-123a-9db40831d654,peak200_chimneylow.wad,WAD_peak200_chimneylow,-356.51129150390625,140.68141174316406,793.3782958984375,0f8a64e72d6a328dac2dc009f931b03a237e15b906a8199bc750b4fa0eaf14fc,0a65299f0e5d8a4aaf43bcb8693ebd1d,30c16eb3812d4240b49d3a1255d63108>f5764bcda04a172490a08ba2959b6d96>0a65299f0e5d8a4aaf43bcb8693dbd1d>f6a8c16db9cc6840a4bfb68c9ae4e7d2>8ddbf91eea4de428159e57bc28b2914e,
legendary_chest_ace99ef5472abcbac29bd2b396a3fdf3,VERIFIED_PLACEMENT,ace99ef5-472a-bcba-c29b-d2b396a3fdf3,b36ec130-4042-2d81-123a-9db40831d654,ace99ef5-472a-bcba-c29b-d2b396a3fdf3.b36ec130-4042-2d81-123a-9db40831d654,xpl980_beachwaterfall.wad,WAD_xpl980_beachwaterfall,96.0206266997138,-20.694000244140625,365.7096838349609,76d8ac005fe1602dc8a8adec3ce50e858657a2fcce9af608b56f3e5c24eb943f,f59ee9acbabc2a47b3d29bc2f4fea396,30c16eb3812d4240b49d3a1255d63108>f5764bcda04a172490a08ba2959b6d96>b6ff101a177e574eb1f404264111e71a>50a242aac4213d46b67d65daedbd700f>f59ee9acbabc2a47b3d29bc2f4fda396>a1368198e4612944834e9c867b5d223c>e9a5e43c31e1d045bc0527b3d4677f53>543241da6641524e94c22bfaded757fc,
legendary_chest_ae9454d54e9c9a23f21941b41a4038d3,VERIFIED_PLACEMENT,ae9454d5-4e9c-9a23-f219-41b41a4038d3,b36ec130-4042-2d81-123a-9db40831d654,ae9454d5-4e9c-9a23-f219-41b41a4038d3.b36ec130-4042-2d81-123a-9db40831d654,riv925_freyacave.wad,WAD_riv925_freyacave,-399.4270324707031,46.009830474853516,-37.59158706665039,196ea71b5f2f76b8f0b7b9661312f96c7467c6f30f251e9f82f74d6acdc6c878,d55494ae239a9c4eb44119f2d439401a,30c16eb3812d4240b49d3a1255d63108>f5764bcda04a172490a08ba2959b6d96>d55494ae239a9c4eb44119f2d438401a>079d445f478e34458ac8bdbecb656092,
legendary_chest_b97f559c471fab8850a2ae8741370020,VERIFIED_PLACEMENT,b97f559c-471f-ab88-50a2-ae8741370020,b36ec130-4042-2d81-123a-9db40831d654,b97f559c-471f-ab88-50a2-ae8741370020.b36ec130-4042-2d81-123a-9db40831d654,alfdgn210_main.wad,WAD_alfdgn210_main,368.24355861519416,7.599999690055853,278.0945959401806,77541e06e62c83de9ad36003074b606dcca403e93e98805a7efe27f5640c6855,9c557fb988ab1f4787aea25021013741,30c16eb3812d4240b49d3a1255d63108>f5764bcda04a172490a08ba2959b6d96>9c557fb988ab1f4787aea25021003741>06fe71e35bd2f742acdb201013f8eae6>dced71f83c4af2dc67cbdaaae9684701,
legendary_chest_b9e3be9a46c248cc0ddc159643259c52,VERIFIED_PLACEMENT,b9e3be9a-46c2-48cc-0ddc-159643259c52,b36ec130-4042-2d81-123a-9db40831d654,b9e3be9a-46c2-48cc-0ddc-159643259c52.b36ec130-4042-2d81-123a-9db40831d654,xpl960_beachship.wad,WAD_xpl960_beachship,-305.98156696034954,-3.7350006103515625,-313.7171234566855,a160dd4d8d913cf84a7e523fa5898fe34b2a312866938de1987d8a9b0a411f49,9abee3b9cc48c2469615dc0d539d2543,30c16eb3812d4240b49d3a1255d63108>f5764bcda04a172490a08ba2959b6d96>9abee3b9cc48c2469615dc0d539c2543>19aa401f37f80542ac13fa6e3a33b215>ca804158fe0f2b4fb68f1bb66493b322>673cb41f7e231e40b761f446350c15dd,
legendary_chest_c14a0f2b4559d859347854bccb307f63,VERIFIED_PLACEMENT,c14a0f2b-4559-d859-3478-54bccb307f63,b36ec130-4042-2d81-123a-9db40831d654,c14a0f2b-4559-d859-3478-54bccb307f63.b36ec130-4042-2d81-123a-9db40831d654,alf340_trenchbdark.wad,WAD_alf340_trenchbdark,207.383847970102,-15.509999065995203,351.0991389790312,a6067bee104a84d8c20c99dff45be0bb95eaa0ffcf6f4c41629c484ffd8030cb,2b0f4ac159d85945bc547834648030cb,30c16eb3812d4240b49d3a1255d63108>f5764bcda04a172490a08ba2959b6d96>2b0f4ac159d85945bc547834647f30cb>705b6d82150bb743bb52baafaa6227a9>9b29be7d3ac2f84c8ee2a01d15030f49>8361f038a247db8f7915cba51af1c45d,
legendary_chest_d0b93e274754785e08235285bd6b78f2,VERIFIED_PLACEMENT,d0b93e27-4754-785e-0823-5285bd6b78f2,b36ec130-4042-2d81-123a-9db40831d654,d0b93e27-4754-785e-0823-5285bd6b78f2.b36ec130-4042-2d81-123a-9db40831d654,cal500_runevault.wad,WAD_cal500_runevault,-66.0018539428711,-89.97755432128906,82.39568328857422,709605ca193efde05a5f68308fae3d24e38b922b95172cf43182537c65bc910d,273eb9d05e78544785522308f3796bbd,30c16eb3812d4240b49d3a1255d63108>f5764bcda04a172490a08ba2959b6d96>273eb9d05e78544785522308f3786bbd>90348819005089499aa7f1fa9f192c04>e9f648abc6755b43ab0e81cefc97de03>cd6ccf3404e41f41a401818dde473e70>03c9d97ba104e445b980235cbeec0530,
legendary_chest_d63295f244f330219b003c913c0dab69,VERIFIED_PLACEMENT,d63295f2-44f3-3021-9b00-3c913c0dab69,b36ec130-4042-2d81-123a-9db40831d654,d63295f2-44f3-3021-9b00-3c913c0dab69.b36ec130-4042-2d81-123a-9db40831d654,peak720_summitascenthub.wad,WAD_peak720_summitascenthub,-463.3553771972656,1164.8253173828125,960.8094482421875,286269546627ea2be132a7700b314596f7c5df0315076328aba07383c8682517,f29532d62130f344913c009b6aac0d3c,30c16eb3812d4240b49d3a1255d63108>f5764bcda04a172490a08ba2959b6d96>b6ff101a177e574eb1f404264111e71a>50a242aac4213d46b67d65daedbd700f>f29532d62130f344913c009b6aab0d3c>bced3fdf98fe03489d965d5a9508b806>bfa7c1d6697df44fb3bec14e62ae61a4,
legendary_chest_d6d6acfe444f2ad10b49cea2ba85a1eb,VERIFIED_PLACEMENT,d6d6acfe-444f-2ad1-0b49-cea2ba85a1eb,b36ec130-4042-2d81-123a-9db40831d654,d6d6acfe-444f-2ad1-0b49-cea2ba85a1eb.b36ec130-4042-2d81-123a-9db40831d654,xpl250_funeralinterior.wad,WAD_xpl250_funeralinterior,-152.5,7.5,705.0,2c685c00c04f3b4db119afd6ba9a72341d8b4234e824de4a922e127527432390,feacd6d6d12a4f44a2ce490beca285ba,30c16eb3812d4240b49d3a1255d63108>f5764bcda04a172490a08ba2959b6d96>feacd6d6d12a4f44a2ce490beca185ba>8e825d9cee977f42b76892e6e5509f4d>d507eb21a5b18f45bc5265b61030fd1c,
legendary_chest_d6fb0fd64364453cc3e334a2454e0b75,VERIFIED_PLACEMENT,d6fb0fd6-4364-453c-c3e3-34a2454e0b75,b36ec130-4042-2d81-123a-9db40831d654,d6fb0fd6-4364-453c-c3e3-34a2454e0b75.b36ec130-4042-2d81-123a-9db40831d654,xpl910_islandshipwreck.wad,WAD_xpl910_islandshipwreck,-192.28995898033702,-14.96668517788143,-186.71769804945382,0dced9e3fc485eaef8ab21538b6ffb9e76e62d0cd53f157330eab5751c9d72ae,d60ffbd63c456443a234e3c3760c4e45,30c16eb3812d4240b49d3a1255d63108>f5764bcda04a172490a08ba2959b6d96>d60ffbd63c456443a234e3c3760b4e45>dd5df065cdc0f24599689fca0d1b950e>7aeb78e5e9bd1441945a20a7723445e5>04de77b2b14ea8418e178c47594171f5,
legendary_chest_ede160a54530f55a7667f5a39257843c,VERIFIED_PLACEMENT,ede160a5-4530-f55a-7667-f5a39257843c,b36ec130-4042-2d81-123a-9db40831d654,ede160a5-4530-f55a-7667-f5a39257843c.b36ec130-4042-2d81-123a-9db40831d654,xpl950_beachmaze.wad,WAD_xpl950_beachmaze,-185.1200031483653,-20.280537009239197,253.38048333398194,3d5f49ee761219d7273bf69eac0f6a278a10891a19c5c4893fcaf44bbf84d7e8,a560e1ed5af53045a3f567763d855792,30c16eb3812d4240b49d3a1255d63108>f5764bcda04a172490a08ba2959b6d96>a560e1ed5af53045a3f567763d845792>7694c2c425faa44d8c15bce342d56c6b>5b963a961e48194d88223b4809ffc4c3>3e01ad4d041bd0469cacce2673e55ee3,
legendary_chest_f714d2d845a3dd9e28808db4655e757f,VERIFIED_PLACEMENT,f714d2d8-45a3-dd9e-2880-8db4655e757f,b36ec130-4042-2d81-123a-9db40831d654,f714d2d8-45a3-dd9e-2880-8db4655e757f.b36ec130-4042-2d81-123a-9db40831d654,cal740_leftwing.wad,WAD_cal740_leftwing,8.554201126098633,-41.0285758972168,10.19240951538086,5b127fa091fe48ef4922c27e875606c91674b44ebd971e11c605eff70e8e2973,d8d214f79edda345b48d802880765e65,30c16eb3812d4240b49d3a1255d63108>f5764bcda04a172490a08ba2959b6d96>d8d214f79edda345b48d802880755e65>7d0dadd844c4574b9199fe26025d1773>b506d72f8581cf4dbcf9dc710f50435f,
legendary_chest_ff46dfab43efcfc6f0f382a33e2b571d,VERIFIED_PLACEMENT,ff46dfab-43ef-cfc6-f0f3-82a33e2b571d,b36ec130-4042-2d81-123a-9db40831d654,ff46dfab-43ef-cfc6-f0f3-82a33e2b571d.b36ec130-4042-2d81-123a-9db40831d654,peak500_chimneytop.wad,WAD_peak500_chimneytop,-454.8589782714844,1172.625,858.6287841796875,04dff2060cd6e2bbee0a42add166cb9a265a1149336dfb7ac518762c0a3d98fc,abdf46ffc6cfef43a382f3f01e582b3e,30c16eb3812d4240b49d3a1255d63108>f5764bcda04a172490a08ba2959b6d96>abdf46ffc6cfef43a382f3f01e572b3e>3c17a6096046938b4eabf88dd94d93ed,
